schemaname,table_name,index_name,index_size,idx_scan,idx_tup_read,idx_tup_fetch,is_primary,is_unique,is_valid,index_def
public,table_adjacencies,table_adjacencies_pkey,40 kB,0,0,0,t,t,t,"CREATE UNIQUE INDEX table_adjacencies_pkey ON public.table_adjacencies USING btree (table_a, table_b)"
public,restaurant_service_periods,idx_restaurant_service_periods_scope,16 kB,0,0,0,f,f,t,"CREATE INDEX idx_restaurant_service_periods_scope ON public.restaurant_service_periods USING btree (restaurant_id, COALESCE((day_of_week)::integer, '-1'::integer))"
public,booking_occasions,booking_occasions_pkey,16 kB,90,90,90,t,t,t,CREATE UNIQUE INDEX booking_occasions_pkey ON public.booking_occasions USING btree (key)
public,booking_occasions,booking_occasions_active_idx,16 kB,0,0,0,f,f,t,"CREATE INDEX booking_occasions_active_idx ON public.booking_occasions USING btree (is_active, deleted_at) WHERE (deleted_at IS NULL)"
public,booking_occasions,booking_occasions_display_order_idx,16 kB,0,0,0,f,f,t,CREATE INDEX booking_occasions_display_order_idx ON public.booking_occasions USING btree (display_order)
public,table_adjacencies,table_adjacencies_table_b_idx,16 kB,0,0,0,f,f,t,CREATE INDEX table_adjacencies_table_b_idx ON public.table_adjacencies USING btree (table_b)
public,profiles,idx_profiles_has_access,16 kB,0,0,0,f,f,t,CREATE INDEX idx_profiles_has_access ON public.profiles USING btree (has_access)
public,profiles,profiles_pkey,16 kB,20,7,7,t,t,t,CREATE UNIQUE INDEX profiles_pkey ON public.profiles USING btree (id)
public,profiles,idx_profiles_email,16 kB,0,0,0,f,f,t,CREATE INDEX idx_profiles_email ON public.profiles USING btree (email) WHERE (email IS NOT NULL)
public,user_profiles,user_profiles_pkey,16 kB,20,7,7,t,t,t,CREATE UNIQUE INDEX user_profiles_pkey ON public.user_profiles USING btree (id)
public,restaurant_memberships,restaurant_memberships_pkey,16 kB,67,26,26,t,t,t,"CREATE UNIQUE INDEX restaurant_memberships_pkey ON public.restaurant_memberships USING btree (user_id, restaurant_id)"
public,restaurant_memberships,idx_memberships_restaurant,16 kB,0,0,0,f,f,t,CREATE INDEX idx_memberships_restaurant ON public.restaurant_memberships USING btree (restaurant_id)
public,restaurant_memberships,idx_memberships_user,16 kB,56,141,11,f,f,t,CREATE INDEX idx_memberships_user ON public.restaurant_memberships USING btree (user_id)
public,restaurants,restaurants_pkey,16 kB,347,347,347,t,t,t,CREATE UNIQUE INDEX restaurants_pkey ON public.restaurants USING btree (id)
public,restaurants,restaurants_slug_key,16 kB,0,0,0,f,t,t,CREATE UNIQUE INDEX restaurants_slug_key ON public.restaurants USING btree (slug)
public,restaurants,idx_restaurants_active,16 kB,0,0,0,f,f,t,CREATE INDEX idx_restaurants_active ON public.restaurants USING btree (is_active)
public,restaurants,idx_restaurants_slug,16 kB,0,0,0,f,f,t,CREATE INDEX idx_restaurants_slug ON public.restaurants USING btree (slug)
public,user_profiles,idx_user_profiles_phone,16 kB,0,0,0,f,f,t,CREATE INDEX idx_user_profiles_phone ON public.user_profiles USING btree (phone)
public,allowed_capacities,allowed_capacities_pkey,16 kB,0,0,0,t,t,t,"CREATE UNIQUE INDEX allowed_capacities_pkey ON public.allowed_capacities USING btree (restaurant_id, capacity)"
public,allowed_capacities,allowed_capacities_restaurant_idx,16 kB,82,81,81,f,f,t,"CREATE INDEX allowed_capacities_restaurant_idx ON public.allowed_capacities USING btree (restaurant_id, capacity)"
public,table_inventory,table_inventory_pkey,16 kB,1066,1066,1064,t,t,t,CREATE UNIQUE INDEX table_inventory_pkey ON public.table_inventory USING btree (id)
public,table_inventory,table_inventory_restaurant_id_table_number_key,16 kB,0,0,0,f,t,t,"CREATE UNIQUE INDEX table_inventory_restaurant_id_table_number_key ON public.table_inventory USING btree (restaurant_id, table_number)"
public,table_inventory,idx_table_inventory_lookup,16 kB,0,0,0,f,f,t,"CREATE INDEX idx_table_inventory_lookup ON public.table_inventory USING btree (restaurant_id, status, capacity)"
public,table_inventory,idx_table_inventory_section,16 kB,0,0,0,f,f,t,"CREATE INDEX idx_table_inventory_section ON public.table_inventory USING btree (restaurant_id, section)"
public,table_inventory,table_inventory_zone_idx,16 kB,0,0,0,f,f,t,CREATE INDEX table_inventory_zone_idx ON public.table_inventory USING btree (zone_id)
public,zones,zones_pkey,16 kB,81,81,81,t,t,t,CREATE UNIQUE INDEX zones_pkey ON public.zones USING btree (id)
public,zones,zones_restaurant_name_idx,16 kB,0,0,0,f,t,t,"CREATE UNIQUE INDEX zones_restaurant_name_idx ON public.zones USING btree (restaurant_id, lower(name))"
public,restaurant_operating_hours,restaurant_operating_hours_pkey,16 kB,0,0,0,t,t,t,CREATE UNIQUE INDEX restaurant_operating_hours_pkey ON public.restaurant_operating_hours USING btree (id)
public,restaurant_service_periods,restaurant_service_periods_pkey,16 kB,0,0,0,t,t,t,CREATE UNIQUE INDEX restaurant_service_periods_pkey ON public.restaurant_service_periods USING btree (id)
public,restaurant_operating_hours,idx_restaurant_operating_hours_scope,16 kB,0,0,0,f,f,t,"CREATE INDEX idx_restaurant_operating_hours_scope ON public.restaurant_operating_hours USING btree (restaurant_id, COALESCE((day_of_week)::integer, '-1'::integer), effective_date)"
public,table_merge_graph,idx_table_merge_graph_table_a,8192 bytes,0,0,0,f,f,t,CREATE INDEX idx_table_merge_graph_table_a ON public.table_merge_graph USING btree (table_a)
public,table_merge_graph,idx_table_merge_graph_table_b,8192 bytes,0,0,0,f,f,t,CREATE INDEX idx_table_merge_graph_table_b ON public.table_merge_graph USING btree (table_b)
public,allocations_archive,allocations_archive_pkey,8192 bytes,0,0,0,t,t,t,CREATE UNIQUE INDEX allocations_archive_pkey ON public.allocations_archive USING btree (id)
public,allocations_archive,allocations_archive_booking_idx,8192 bytes,0,0,0,f,f,t,CREATE INDEX allocations_archive_booking_idx ON public.allocations_archive USING btree (booking_id)
public,allocations_archive,allocations_archive_restaurant_idx,8192 bytes,0,0,0,f,f,t,CREATE INDEX allocations_archive_restaurant_idx ON public.allocations_archive USING btree (restaurant_id)
public,_migrations,_migrations_name_key,8192 bytes,0,0,0,f,t,t,CREATE UNIQUE INDEX _migrations_name_key ON public._migrations USING btree (name)
public,_migrations,_migrations_pkey,8192 bytes,0,0,0,t,t,t,CREATE UNIQUE INDEX _migrations_pkey ON public._migrations USING btree (id)
public,booking_occasions_audit,booking_occasions_audit_pkey,8192 bytes,0,0,0,t,t,t,CREATE UNIQUE INDEX booking_occasions_audit_pkey ON public.booking_occasions_audit USING btree (id)
public,booking_occasions_audit,booking_occasions_audit_key_idx,8192 bytes,0,0,0,f,f,t,CREATE INDEX booking_occasions_audit_key_idx ON public.booking_occasions_audit USING btree (occasion_key)
public,capacity_outbox,capacity_outbox_pkey,8192 bytes,0,0,0,t,t,t,CREATE UNIQUE INDEX capacity_outbox_pkey ON public.capacity_outbox USING btree (id)
public,capacity_outbox,capacity_outbox_booking_idx,8192 bytes,0,0,0,f,f,t,CREATE INDEX capacity_outbox_booking_idx ON public.capacity_outbox USING btree (booking_id)
public,capacity_outbox,capacity_outbox_dedupe,8192 bytes,0,0,0,f,t,t,"CREATE UNIQUE INDEX capacity_outbox_dedupe ON public.capacity_outbox USING btree (event_type, COALESCE(dedupe_key, ''::text), COALESCE(idempotency_key, ''::text)) WHERE (status = ANY (ARRAY['pending'::text, 'processing'::text]))"
public,capacity_outbox,capacity_outbox_dispatch_idx,8192 bytes,0,0,0,f,f,t,"CREATE INDEX capacity_outbox_dispatch_idx ON public.capacity_outbox USING btree (status, next_attempt_at)"
public,capacity_outbox,capacity_outbox_restaurant_idx,8192 bytes,0,0,0,f,f,t,CREATE INDEX capacity_outbox_restaurant_idx ON public.capacity_outbox USING btree (restaurant_id)
public,restaurant_turn_bands,restaurant_turn_bands_pkey,8192 bytes,0,0,0,t,t,t,CREATE UNIQUE INDEX restaurant_turn_bands_pkey ON public.restaurant_turn_bands USING btree (id)
public,restaurant_turn_bands,restaurant_turn_bands_lookup_idx,8192 bytes,0,0,0,f,f,t,"CREATE INDEX restaurant_turn_bands_lookup_idx ON public.restaurant_turn_bands USING btree (restaurant_id, booking_option, max_party_size)"
public,restaurant_turn_bands,restaurant_turn_bands_unique_idx,8192 bytes,0,0,0,f,t,t,"CREATE UNIQUE INDEX restaurant_turn_bands_unique_idx ON public.restaurant_turn_bands USING btree (restaurant_id, booking_option, max_party_size)"
public,leads,leads_pkey,8192 bytes,0,0,0,t,t,t,CREATE UNIQUE INDEX leads_pkey ON public.leads USING btree (id)
public,observability_events,observability_events_pkey,8192 bytes,0,0,0,t,t,t,CREATE UNIQUE INDEX observability_events_pkey ON public.observability_events USING btree (id)
public,observability_events,observability_events_created_at_idx,8192 bytes,0,0,0,f,f,t,CREATE INDEX observability_events_created_at_idx ON public.observability_events USING btree (created_at DESC)
public,service_policy,service_policy_pkey,8192 bytes,0,0,0,t,t,t,CREATE UNIQUE INDEX service_policy_pkey ON public.service_policy USING btree (id)
public,merge_rules,merge_rules_pkey,8192 bytes,0,0,0,t,t,t,CREATE UNIQUE INDEX merge_rules_pkey ON public.merge_rules USING btree (id)
public,merge_rules,merge_rules_from_to_idx,8192 bytes,0,0,0,f,t,t,"CREATE UNIQUE INDEX merge_rules_from_to_idx ON public.merge_rules USING btree (from_a, from_b, to_capacity)"
public,strategic_configs,strategic_configs_pkey,8192 bytes,0,0,0,t,t,t,CREATE UNIQUE INDEX strategic_configs_pkey ON public.strategic_configs USING btree (id)
public,strategic_configs,strategic_configs_restaurant_id_key,8192 bytes,0,0,0,f,t,t,CREATE UNIQUE INDEX strategic_configs_restaurant_id_key ON public.strategic_configs USING btree (restaurant_id)
public,strategic_configs,idx_strategic_configs_restaurant,8192 bytes,0,0,0,f,f,t,CREATE INDEX idx_strategic_configs_restaurant ON public.strategic_configs USING btree (restaurant_id)
public,booking_table_assignments,booking_table_assignments_booking_table_key,8192 bytes,0,0,0,f,t,t,"CREATE UNIQUE INDEX booking_table_assignments_booking_table_key ON public.booking_table_assignments USING btree (booking_id, table_id)"
public,booking_table_assignments,booking_table_assignments_pkey,8192 bytes,0,0,0,t,t,t,CREATE UNIQUE INDEX booking_table_assignments_pkey ON public.booking_table_assignments USING btree (id)
public,booking_table_assignments,booking_table_assignments_table_id_slot_id_key,8192 bytes,0,0,0,f,t,t,"CREATE UNIQUE INDEX booking_table_assignments_table_id_slot_id_key ON public.booking_table_assignments USING btree (table_id, slot_id)"
public,booking_table_assignments,booking_table_assignments_merge_group_idx,8192 bytes,0,0,0,f,f,t,CREATE INDEX booking_table_assignments_merge_group_idx ON public.booking_table_assignments USING btree (merge_group_id)
public,booking_table_assignments,bta_booking_id_idx,8192 bytes,0,0,0,f,f,t,CREATE INDEX bta_booking_id_idx ON public.booking_table_assignments USING btree (booking_id)
public,booking_table_assignments,bta_table_id_idx,8192 bytes,0,0,0,f,f,t,CREATE INDEX bta_table_id_idx ON public.booking_table_assignments USING btree (table_id)
public,booking_table_assignments,bta_window_gist,8192 bytes,0,0,0,f,f,t,CREATE INDEX bta_window_gist ON public.booking_table_assignments USING gist (assignment_window)
public,booking_table_assignments,idx_booking_table_assignments_booking,8192 bytes,0,0,0,f,f,t,CREATE INDEX idx_booking_table_assignments_booking ON public.booking_table_assignments USING btree (booking_id)
public,booking_table_assignments,idx_booking_table_assignments_booking_id,8192 bytes,0,0,0,f,f,t,CREATE INDEX idx_booking_table_assignments_booking_id ON public.booking_table_assignments USING btree (booking_id)
public,booking_table_assignments,idx_booking_table_assignments_slot,8192 bytes,0,0,0,f,f,t,CREATE INDEX idx_booking_table_assignments_slot ON public.booking_table_assignments USING btree (slot_id)
public,booking_table_assignments,idx_booking_table_assignments_table,8192 bytes,0,0,0,f,f,t,"CREATE INDEX idx_booking_table_assignments_table ON public.booking_table_assignments USING btree (table_id, assigned_at)"
public,booking_table_assignments,idx_bta_booking_end,8192 bytes,0,0,0,f,f,t,"CREATE INDEX idx_bta_booking_end ON public.booking_table_assignments USING btree (booking_id, end_at)"
public,booking_table_assignments,idx_bta_booking_start,8192 bytes,0,0,0,f,f,t,"CREATE INDEX idx_bta_booking_start ON public.booking_table_assignments USING btree (booking_id, start_at)"
public,allocations,allocations_booking_resource_key,8192 bytes,0,0,0,f,t,t,"CREATE UNIQUE INDEX allocations_booking_resource_key ON public.allocations USING btree (booking_id, resource_type, resource_id)"
public,allocations,allocations_pkey,8192 bytes,0,0,0,t,t,t,CREATE UNIQUE INDEX allocations_pkey ON public.allocations USING btree (id)
public,allocations,idx_allocations_restaurant,8192 bytes,0,0,0,f,f,t,CREATE INDEX idx_allocations_restaurant ON public.allocations USING btree (restaurant_id)
public,allocations,idx_allocations_window_gist,8192 bytes,0,0,0,f,f,t,"CREATE INDEX idx_allocations_window_gist ON public.allocations USING gist (""window"")"
public,analytics_events,analytics_events_pkey,8192 bytes,0,0,0,t,t,t,CREATE UNIQUE INDEX analytics_events_pkey ON public.analytics_events USING btree (id)
public,analytics_events,idx_analytics_events_booking_id,8192 bytes,0,0,0,f,f,t,CREATE INDEX idx_analytics_events_booking_id ON public.analytics_events USING btree (booking_id)
public,analytics_events,idx_analytics_events_customer_id,8192 bytes,0,0,0,f,f,t,CREATE INDEX idx_analytics_events_customer_id ON public.analytics_events USING btree (customer_id) WHERE (customer_id IS NOT NULL)
public,analytics_events,idx_analytics_events_event_type,8192 bytes,0,0,0,f,f,t,CREATE INDEX idx_analytics_events_event_type ON public.analytics_events USING btree (event_type)
public,analytics_events,idx_analytics_events_occurred_at,8192 bytes,0,0,0,f,f,t,CREATE INDEX idx_analytics_events_occurred_at ON public.analytics_events USING btree (occurred_at DESC)
public,analytics_events,idx_analytics_events_restaurant_id,8192 bytes,0,0,0,f,f,t,CREATE INDEX idx_analytics_events_restaurant_id ON public.analytics_events USING btree (restaurant_id)
public,analytics_events,idx_analytics_events_restaurant_occurred,8192 bytes,0,0,0,f,f,t,"CREATE INDEX idx_analytics_events_restaurant_occurred ON public.analytics_events USING btree (restaurant_id, occurred_at DESC)"
public,booking_slots,booking_slots_pkey,8192 bytes,0,0,0,t,t,t,CREATE UNIQUE INDEX booking_slots_pkey ON public.booking_slots USING btree (id)
public,booking_slots,booking_slots_restaurant_slot_key,8192 bytes,0,0,0,f,t,t,"CREATE UNIQUE INDEX booking_slots_restaurant_slot_key ON public.booking_slots USING btree (restaurant_id, slot_date, slot_time)"
public,booking_slots,idx_booking_slots_date_range,8192 bytes,0,0,0,f,f,t,"CREATE INDEX idx_booking_slots_date_range ON public.booking_slots USING btree (restaurant_id, slot_date)"
public,booking_slots,idx_booking_slots_lookup,8192 bytes,0,0,0,f,f,t,"CREATE INDEX idx_booking_slots_lookup ON public.booking_slots USING btree (restaurant_id, slot_date, slot_time)"
public,booking_slots,idx_booking_slots_service_period,8192 bytes,0,0,0,f,f,t,"CREATE INDEX idx_booking_slots_service_period ON public.booking_slots USING btree (service_period_id, slot_date)"
public,bookings,bookings_confirmation_token_unique,8192 bytes,0,0,0,f,t,t,CREATE UNIQUE INDEX bookings_confirmation_token_unique ON public.bookings USING btree (confirmation_token)
public,bookings,bookings_pkey,8192 bytes,0,0,0,t,t,t,CREATE UNIQUE INDEX bookings_pkey ON public.bookings USING btree (id)
public,bookings,bookings_reference_key,8192 bytes,0,0,0,f,t,t,CREATE UNIQUE INDEX bookings_reference_key ON public.bookings USING btree (reference)
public,bookings,bookings_restaurant_date_idx,8192 bytes,0,0,0,f,f,t,"CREATE INDEX bookings_restaurant_date_idx ON public.bookings USING btree (restaurant_id, booking_date, start_at)"
public,bookings,bookings_restaurant_date_status_idx,8192 bytes,0,0,0,f,f,t,"CREATE INDEX bookings_restaurant_date_status_idx ON public.bookings USING btree (restaurant_id, booking_date, status)"
public,bookings,idx_bookings_auth_user,8192 bytes,0,0,0,f,f,t,CREATE INDEX idx_bookings_auth_user ON public.bookings USING btree (auth_user_id) WHERE (auth_user_id IS NOT NULL)
public,bookings,idx_bookings_auto_assign_idempotency_key,8192 bytes,0,0,0,f,f,t,CREATE INDEX idx_bookings_auto_assign_idempotency_key ON public.bookings USING btree (auto_assign_idempotency_key) WHERE (auto_assign_idempotency_key IS NOT NULL)
public,bookings,idx_bookings_client_request_id,8192 bytes,0,0,0,f,f,t,CREATE INDEX idx_bookings_client_request_id ON public.bookings USING btree (client_request_id)
public,bookings,idx_bookings_confirmation_token,8192 bytes,0,0,0,f,f,t,CREATE INDEX idx_bookings_confirmation_token ON public.bookings USING btree (confirmation_token) WHERE (confirmation_token IS NOT NULL)
public,bookings,idx_bookings_created,8192 bytes,0,0,0,f,f,t,"CREATE INDEX idx_bookings_created ON public.bookings USING btree (restaurant_id, created_at DESC)"
public,bookings,idx_bookings_customer,8192 bytes,0,0,0,f,f,t,CREATE INDEX idx_bookings_customer ON public.bookings USING btree (customer_id)
public,bookings,idx_bookings_date,8192 bytes,0,0,0,f,f,t,"CREATE INDEX idx_bookings_date ON public.bookings USING btree (restaurant_id, booking_date)"
public,bookings,idx_bookings_datetime,8192 bytes,0,0,0,f,f,t,"CREATE INDEX idx_bookings_datetime ON public.bookings USING btree (restaurant_id, start_at, end_at)"
public,bookings,idx_bookings_idempotency_key,8192 bytes,0,0,0,f,f,t,CREATE INDEX idx_bookings_idempotency_key ON public.bookings USING btree (idempotency_key) WHERE (idempotency_key IS NOT NULL)
public,bookings,idx_bookings_pending_ref,8192 bytes,0,0,0,f,f,t,CREATE INDEX idx_bookings_pending_ref ON public.bookings USING btree (pending_ref) WHERE (pending_ref IS NOT NULL)
public,bookings,idx_bookings_reference,8192 bytes,0,0,0,f,f,t,CREATE INDEX idx_bookings_reference ON public.bookings USING btree (reference)
public,bookings,idx_bookings_restaurant,8192 bytes,0,0,0,f,f,t,CREATE INDEX idx_bookings_restaurant ON public.bookings USING btree (restaurant_id)
public,bookings,idx_bookings_restaurant_date_end,8192 bytes,0,0,0,f,f,t,"CREATE INDEX idx_bookings_restaurant_date_end ON public.bookings USING btree (restaurant_id, booking_date, end_at)"
public,bookings,idx_bookings_restaurant_date_start,8192 bytes,0,0,0,f,f,t,"CREATE INDEX idx_bookings_restaurant_date_start ON public.bookings USING btree (restaurant_id, booking_date, start_at)"
public,bookings,idx_bookings_status,8192 bytes,2,0,0,f,f,t,"CREATE INDEX idx_bookings_status ON public.bookings USING btree (restaurant_id, status)"
public,customers,customers_pkey,8192 bytes,0,0,0,t,t,t,CREATE UNIQUE INDEX customers_pkey ON public.customers USING btree (id)
public,customers,customers_restaurant_email_phone_key,8192 bytes,0,0,0,f,t,t,"CREATE UNIQUE INDEX customers_restaurant_email_phone_key ON public.customers USING btree (restaurant_id, email_normalized, phone_normalized)"
public,customers,customers_restaurant_id_email_normalized_key,8192 bytes,0,0,0,f,t,t,"CREATE UNIQUE INDEX customers_restaurant_id_email_normalized_key ON public.customers USING btree (restaurant_id, email_normalized)"
public,customers,customers_restaurant_id_phone_normalized_key,8192 bytes,0,0,0,f,t,t,"CREATE UNIQUE INDEX customers_restaurant_id_phone_normalized_key ON public.customers USING btree (restaurant_id, phone_normalized)"
public,customers,customers_restaurant_id_user_profile_id_unique,8192 bytes,0,0,0,f,t,t,"CREATE UNIQUE INDEX customers_restaurant_id_user_profile_id_unique ON public.customers USING btree (restaurant_id, user_profile_id) WHERE (user_profile_id IS NOT NULL)"
public,customers,idx_customers_auth_user,8192 bytes,0,0,0,f,f,t,CREATE INDEX idx_customers_auth_user ON public.customers USING btree (auth_user_id) WHERE (auth_user_id IS NOT NULL)
public,customers,idx_customers_email_normalized,8192 bytes,0,0,0,f,f,t,"CREATE INDEX idx_customers_email_normalized ON public.customers USING btree (restaurant_id, email_normalized)"
public,customers,idx_customers_phone_normalized,8192 bytes,0,0,0,f,f,t,"CREATE INDEX idx_customers_phone_normalized ON public.customers USING btree (restaurant_id, phone_normalized)"
public,customers,idx_customers_restaurant,8192 bytes,0,0,0,f,f,t,CREATE INDEX idx_customers_restaurant ON public.customers USING btree (restaurant_id)
public,customers,idx_customers_user_profile_id,8192 bytes,6,0,0,f,f,t,CREATE INDEX idx_customers_user_profile_id ON public.customers USING btree (user_profile_id)
public,loyalty_point_events,loyalty_point_events_pkey,8192 bytes,0,0,0,t,t,t,CREATE UNIQUE INDEX loyalty_point_events_pkey ON public.loyalty_point_events USING btree (id)
public,loyalty_point_events,idx_loyalty_point_events_booking,8192 bytes,0,0,0,f,f,t,CREATE INDEX idx_loyalty_point_events_booking ON public.loyalty_point_events USING btree (booking_id) WHERE (booking_id IS NOT NULL)
public,loyalty_point_events,idx_loyalty_point_events_customer,8192 bytes,0,0,0,f,f,t,CREATE INDEX idx_loyalty_point_events_customer ON public.loyalty_point_events USING btree (customer_id)
public,loyalty_points,loyalty_points_pkey,8192 bytes,0,0,0,t,t,t,CREATE UNIQUE INDEX loyalty_points_pkey ON public.loyalty_points USING btree (id)
public,loyalty_points,loyalty_points_restaurant_id_customer_id_key,8192 bytes,0,0,0,f,t,t,"CREATE UNIQUE INDEX loyalty_points_restaurant_id_customer_id_key ON public.loyalty_points USING btree (restaurant_id, customer_id)"
public,loyalty_points,idx_loyalty_points_restaurant_customer,8192 bytes,0,0,0,f,f,t,"CREATE INDEX idx_loyalty_points_restaurant_customer ON public.loyalty_points USING btree (restaurant_id, customer_id)"
public,loyalty_programs,loyalty_programs_pkey,8192 bytes,0,0,0,t,t,t,CREATE UNIQUE INDEX loyalty_programs_pkey ON public.loyalty_programs USING btree (id)
public,loyalty_programs,loyalty_programs_restaurant_id_key,8192 bytes,0,0,0,f,t,t,CREATE UNIQUE INDEX loyalty_programs_restaurant_id_key ON public.loyalty_programs USING btree (restaurant_id)
public,loyalty_programs,idx_loyalty_programs_restaurant,8192 bytes,0,0,0,f,f,t,CREATE INDEX idx_loyalty_programs_restaurant ON public.loyalty_programs USING btree (restaurant_id)
public,manual_assignment_sessions,manual_assignment_sessions_booking_id_key,8192 bytes,0,0,0,f,t,t,CREATE UNIQUE INDEX manual_assignment_sessions_booking_id_key ON public.manual_assignment_sessions USING btree (booking_id)
public,manual_assignment_sessions,manual_assignment_sessions_pkey,8192 bytes,0,0,0,t,t,t,CREATE UNIQUE INDEX manual_assignment_sessions_pkey ON public.manual_assignment_sessions USING btree (id)
public,manual_assignment_sessions,mas_active_state_idx,8192 bytes,0,0,0,f,f,t,"CREATE INDEX mas_active_state_idx ON public.manual_assignment_sessions USING btree (state) WHERE (state = ANY (ARRAY['none'::manual_assignment_session_state, 'proposed'::manual_assignment_session_state, 'held'::manual_assignment_session_state, 'conflicted'::manual_assignment_session_state]))"
public,manual_assignment_sessions,mas_booking_state_idx,8192 bytes,0,0,0,f,f,t,"CREATE INDEX mas_booking_state_idx ON public.manual_assignment_sessions USING btree (booking_id, state)"
public,manual_assignment_sessions,mas_restaurant_state_idx,8192 bytes,0,0,0,f,f,t,"CREATE INDEX mas_restaurant_state_idx ON public.manual_assignment_sessions USING btree (restaurant_id, state)"
public,restaurant_invites,restaurant_invites_pkey,8192 bytes,0,0,0,t,t,t,CREATE UNIQUE INDEX restaurant_invites_pkey ON public.restaurant_invites USING btree (id)
public,restaurant_invites,restaurant_invites_pending_unique_email,8192 bytes,0,0,0,f,t,t,"CREATE UNIQUE INDEX restaurant_invites_pending_unique_email ON public.restaurant_invites USING btree (restaurant_id, email_normalized) WHERE (status = 'pending'::text)"
public,restaurant_invites,restaurant_invites_restaurant_status_idx,8192 bytes,0,0,0,f,f,t,"CREATE INDEX restaurant_invites_restaurant_status_idx ON public.restaurant_invites USING btree (restaurant_id, status, expires_at DESC)"
public,restaurant_invites,restaurant_invites_token_hash_key,8192 bytes,0,0,0,f,t,t,CREATE UNIQUE INDEX restaurant_invites_token_hash_key ON public.restaurant_invites USING btree (token_hash)
public,table_hold_members,table_hold_members_hold_id_table_id_key,8192 bytes,0,0,0,f,t,t,"CREATE UNIQUE INDEX table_hold_members_hold_id_table_id_key ON public.table_hold_members USING btree (hold_id, table_id)"
public,table_hold_members,table_hold_members_pkey,8192 bytes,0,0,0,t,t,t,CREATE UNIQUE INDEX table_hold_members_pkey ON public.table_hold_members USING btree (id)
public,table_hold_members,idx_table_hold_members_hold,8192 bytes,0,0,0,f,f,t,CREATE INDEX idx_table_hold_members_hold ON public.table_hold_members USING btree (hold_id)
public,table_hold_members,idx_table_hold_members_table,8192 bytes,0,0,0,f,f,t,CREATE INDEX idx_table_hold_members_table ON public.table_hold_members USING btree (table_id)
public,table_hold_members,table_hold_members_table_active_idx,8192 bytes,0,0,0,f,f,t,CREATE INDEX table_hold_members_table_active_idx ON public.table_hold_members USING btree (table_id)
public,table_hold_members,table_hold_members_table_idx,8192 bytes,0,0,0,f,f,t,CREATE INDEX table_hold_members_table_idx ON public.table_hold_members USING btree (table_id)
public,table_hold_members,thm_unique,8192 bytes,0,0,0,f,t,t,"CREATE UNIQUE INDEX thm_unique ON public.table_hold_members USING btree (hold_id, table_id)"
public,table_hold_windows,table_hold_windows_pkey,8192 bytes,0,0,0,t,t,t,"CREATE UNIQUE INDEX table_hold_windows_pkey ON public.table_hold_windows USING btree (hold_id, table_id)"
public,table_hold_windows,table_hold_windows_restaurant_idx,8192 bytes,0,0,0,f,f,t,CREATE INDEX table_hold_windows_restaurant_idx ON public.table_hold_windows USING btree (restaurant_id)
public,table_hold_windows,table_hold_windows_table_idx,8192 bytes,0,0,0,f,f,t,CREATE INDEX table_hold_windows_table_idx ON public.table_hold_windows USING btree (table_id)
public,table_hold_windows,thw_window_gist,8192 bytes,0,0,0,f,f,t,CREATE INDEX thw_window_gist ON public.table_hold_windows USING gist (hold_window)
public,table_holds,table_holds_pkey,8192 bytes,0,0,0,t,t,t,CREATE UNIQUE INDEX table_holds_pkey ON public.table_holds USING btree (id)
public,table_holds,idx_table_holds_restaurant_end,8192 bytes,0,0,0,f,f,t,"CREATE INDEX idx_table_holds_restaurant_end ON public.table_holds USING btree (restaurant_id, end_at)"
public,table_holds,idx_table_holds_restaurant_expires,8192 bytes,0,0,0,f,f,t,"CREATE INDEX idx_table_holds_restaurant_expires ON public.table_holds USING btree (restaurant_id, expires_at)"
public,table_holds,idx_table_holds_restaurant_start,8192 bytes,0,0,0,f,f,t,"CREATE INDEX idx_table_holds_restaurant_start ON public.table_holds USING btree (restaurant_id, start_at)"
public,table_holds,table_holds_active_booking_idx,8192 bytes,0,0,0,f,f,t,CREATE INDEX table_holds_active_booking_idx ON public.table_holds USING btree (booking_id) WHERE (status = 'active'::table_hold_status)
public,table_holds,table_holds_active_restaurant_idx,8192 bytes,0,0,0,f,f,t,"CREATE INDEX table_holds_active_restaurant_idx ON public.table_holds USING btree (restaurant_id, start_at, end_at) WHERE (status = 'active'::table_hold_status)"
public,table_holds,table_holds_booking_idx,8192 bytes,0,0,0,f,f,t,CREATE INDEX table_holds_booking_idx ON public.table_holds USING btree (booking_id)
public,table_holds,table_holds_expires_at_idx,8192 bytes,0,0,0,f,f,t,CREATE INDEX table_holds_expires_at_idx ON public.table_holds USING btree (expires_at)
public,table_holds,table_holds_restaurant_idx,8192 bytes,0,0,0,f,f,t,"CREATE INDEX table_holds_restaurant_idx ON public.table_holds USING btree (restaurant_id, start_at, end_at, expires_at)"
public,table_holds,table_holds_session_idx,8192 bytes,0,0,0,f,f,t,CREATE INDEX table_holds_session_idx ON public.table_holds USING btree (session_id)
public,table_holds,table_holds_status_idx,8192 bytes,0,0,0,f,f,t,CREATE INDEX table_holds_status_idx ON public.table_holds USING btree (status)
public,table_holds,table_holds_zone_start_idx,8192 bytes,0,0,0,f,f,t,"CREATE INDEX table_holds_zone_start_idx ON public.table_holds USING btree (zone_id, start_at)"
public,table_scarcity_metrics,table_scarcity_metrics_pkey,8192 bytes,0,0,0,t,t,t,CREATE UNIQUE INDEX table_scarcity_metrics_pkey ON public.table_scarcity_metrics USING btree (id)
public,table_scarcity_metrics,unique_restaurant_table_type,8192 bytes,0,0,0,f,t,t,"CREATE UNIQUE INDEX unique_restaurant_table_type ON public.table_scarcity_metrics USING btree (restaurant_id, table_type)"
public,table_scarcity_metrics,idx_table_scarcity_metrics_computed_at,8192 bytes,0,0,0,f,f,t,CREATE INDEX idx_table_scarcity_metrics_computed_at ON public.table_scarcity_metrics USING btree (computed_at)
public,table_scarcity_metrics,idx_table_scarcity_metrics_restaurant_type,8192 bytes,0,0,0,f,f,t,"CREATE INDEX idx_table_scarcity_metrics_restaurant_type ON public.table_scarcity_metrics USING btree (restaurant_id, table_type)"
public,waiting_list,waiting_list_pkey,8192 bytes,0,0,0,t,t,t,CREATE UNIQUE INDEX waiting_list_pkey ON public.waiting_list USING btree (id)
public,waiting_list,idx_waiting_list_restaurant_date,8192 bytes,0,0,0,f,f,t,"CREATE INDEX idx_waiting_list_restaurant_date ON public.waiting_list USING btree (restaurant_id, booking_date)"
public,waiting_list,waiting_list_customer_unique_idx,8192 bytes,0,0,0,f,t,t,"CREATE UNIQUE INDEX waiting_list_customer_unique_idx ON public.waiting_list USING btree (restaurant_id, booking_date, desired_time, customer_email, COALESCE(customer_phone, ''::text))"
public,waiting_list,waiting_list_restaurant_date_time_idx,8192 bytes,0,0,0,f,f,t,"CREATE INDEX waiting_list_restaurant_date_time_idx ON public.waiting_list USING btree (restaurant_id, booking_date, desired_time, created_at)"
public,booking_assignment_attempts,booking_assignment_attempts_pkey,8192 bytes,0,0,0,t,t,t,CREATE UNIQUE INDEX booking_assignment_attempts_pkey ON public.booking_assignment_attempts USING btree (id)
public,booking_assignment_attempts,booking_assignment_attempts_booking_attempt_idx,8192 bytes,0,0,0,f,t,t,"CREATE UNIQUE INDEX booking_assignment_attempts_booking_attempt_idx ON public.booking_assignment_attempts USING btree (booking_id, attempt_no)"
public,booking_assignment_attempts,booking_assignment_attempts_booking_created_idx,8192 bytes,0,0,0,f,f,t,"CREATE INDEX booking_assignment_attempts_booking_created_idx ON public.booking_assignment_attempts USING btree (booking_id, created_at DESC)"
public,booking_assignment_idempotency,booking_assignment_idempotency_pkey,8192 bytes,0,0,0,t,t,t,"CREATE UNIQUE INDEX booking_assignment_idempotency_pkey ON public.booking_assignment_idempotency USING btree (booking_id, idempotency_key)"
public,booking_assignment_idempotency,bai_rest_bk_idx,8192 bytes,0,0,0,f,f,t,"CREATE INDEX bai_rest_bk_idx ON public.booking_assignment_idempotency USING btree (booking_id, idempotency_key)"
public,booking_assignment_idempotency,booking_assignment_idempo_bkid_key_idx,8192 bytes,0,0,0,f,f,t,"CREATE INDEX booking_assignment_idempo_bkid_key_idx ON public.booking_assignment_idempotency USING btree (booking_id, idempotency_key)"
public,booking_assignment_idempotency,booking_assignment_idempotency_booking_hash_key,8192 bytes,0,0,0,f,t,t,"CREATE UNIQUE INDEX booking_assignment_idempotency_booking_hash_key ON public.booking_assignment_idempotency USING btree (booking_id, table_set_hash) WHERE (table_set_hash IS NOT NULL)"
public,booking_assignment_idempotency,booking_assignment_idempotency_created_idx,8192 bytes,0,0,0,f,f,t,CREATE INDEX booking_assignment_idempotency_created_idx ON public.booking_assignment_idempotency USING btree (created_at DESC)
public,booking_assignment_idempotency,idx_booking_assignment_idempotency_booking,8192 bytes,0,0,0,f,f,t,CREATE INDEX idx_booking_assignment_idempotency_booking ON public.booking_assignment_idempotency USING btree (booking_id)
public,booking_assignment_idempotency,idx_booking_assignment_idempotency_created,8192 bytes,0,0,0,f,f,t,CREATE INDEX idx_booking_assignment_idempotency_created ON public.booking_assignment_idempotency USING btree (created_at)
public,booking_state_history,booking_state_history_pkey,8192 bytes,0,0,0,t,t,t,CREATE UNIQUE INDEX booking_state_history_pkey ON public.booking_state_history USING btree (id)
public,booking_state_history,idx_booking_state_history_booking,8192 bytes,0,0,0,f,f,t,"CREATE INDEX idx_booking_state_history_booking ON public.booking_state_history USING btree (booking_id, changed_at DESC)"
public,booking_state_history,idx_booking_state_history_changed_at,8192 bytes,0,0,0,f,f,t,CREATE INDEX idx_booking_state_history_changed_at ON public.booking_state_history USING btree (changed_at)
public,customer_profiles,customer_profiles_pkey,8192 bytes,0,0,0,t,t,t,CREATE UNIQUE INDEX customer_profiles_pkey ON public.customer_profiles USING btree (customer_id)
public,audit_logs,audit_logs_pkey,8192 bytes,0,0,0,t,t,t,CREATE UNIQUE INDEX audit_logs_pkey ON public.audit_logs USING btree (id)
public,customer_profiles,idx_customer_profiles_updated_at,8192 bytes,0,0,0,f,f,t,CREATE INDEX idx_customer_profiles_updated_at ON public.customer_profiles USING btree (updated_at DESC)
public,audit_logs,idx_audit_logs_action,8192 bytes,0,0,0,f,f,t,CREATE INDEX idx_audit_logs_action ON public.audit_logs USING btree (action)
public,audit_logs,idx_audit_logs_created_at,8192 bytes,0,0,0,f,f,t,CREATE INDEX idx_audit_logs_created_at ON public.audit_logs USING btree (created_at DESC)
public,audit_logs,idx_audit_logs_entity,8192 bytes,0,0,0,f,f,t,"CREATE INDEX idx_audit_logs_entity ON public.audit_logs USING btree (entity, entity_id)"
public,audit_logs,idx_audit_logs_entity_id,8192 bytes,0,0,0,f,f,t,"CREATE INDEX idx_audit_logs_entity_id ON public.audit_logs USING btree (entity, entity_id)"
public,booking_confirmation_results,booking_confirmation_results_hold_id_key,8192 bytes,0,0,0,f,t,t,CREATE UNIQUE INDEX booking_confirmation_results_hold_id_key ON public.booking_confirmation_results USING btree (hold_id)
public,booking_confirmation_results,booking_confirmation_results_pkey,8192 bytes,0,0,0,t,t,t,"CREATE UNIQUE INDEX booking_confirmation_results_pkey ON public.booking_confirmation_results USING btree (booking_id, idempotency_key)"
public,booking_confirmation_results,booking_confirmation_results_created_idx,8192 bytes,0,0,0,f,f,t,CREATE INDEX booking_confirmation_results_created_idx ON public.booking_confirmation_results USING btree (created_at DESC)
public,booking_confirmation_results,booking_confirmation_results_hold_idx,8192 bytes,0,0,0,f,f,t,CREATE INDEX booking_confirmation_results_hold_idx ON public.booking_confirmation_results USING btree (hold_id)
public,booking_versions,booking_versions_pkey,8192 bytes,0,0,0,t,t,t,CREATE UNIQUE INDEX booking_versions_pkey ON public.booking_versions USING btree (version_id)
public,booking_versions,idx_booking_versions_booking_id,8192 bytes,0,0,0,f,f,t,CREATE INDEX idx_booking_versions_booking_id ON public.booking_versions USING btree (booking_id)
public,booking_versions,idx_booking_versions_changed_at,8192 bytes,0,0,0,f,f,t,CREATE INDEX idx_booking_versions_changed_at ON public.booking_versions USING btree (changed_at DESC)
public,booking_versions,idx_booking_versions_restaurant_id,8192 bytes,0,0,0,f,f,t,CREATE INDEX idx_booking_versions_restaurant_id ON public.booking_versions USING btree (restaurant_id)
public,demand_profiles,demand_profiles_pkey,8192 bytes,0,0,0,t,t,t,CREATE UNIQUE INDEX demand_profiles_pkey ON public.demand_profiles USING btree (id)
public,demand_profiles,idx_demand_profiles_restaurant_day_window,8192 bytes,0,0,0,f,f,t,"CREATE INDEX idx_demand_profiles_restaurant_day_window ON public.demand_profiles USING btree (restaurant_id, day_of_week, service_window)"
public,demand_profiles,idx_demand_profiles_updated_at,8192 bytes,0,0,0,f,f,t,CREATE INDEX idx_demand_profiles_updated_at ON public.demand_profiles USING btree (updated_at)
public,feature_flag_overrides,feature_flag_overrides_pkey,8192 bytes,0,0,0,t,t,t,CREATE UNIQUE INDEX feature_flag_overrides_pkey ON public.feature_flag_overrides USING btree (id)
public,feature_flag_overrides,feature_flag_overrides_unique_flag_env,8192 bytes,0,0,0,f,t,t,"CREATE UNIQUE INDEX feature_flag_overrides_unique_flag_env ON public.feature_flag_overrides USING btree (flag, environment)"
public,email_delivery_log,email_delivery_log_message_recipient_status_key,8192 bytes,0,0,0,f,t,t,"CREATE UNIQUE INDEX email_delivery_log_message_recipient_status_key ON public.email_delivery_log USING btree (message_id, recipient_email, status)"
public,email_delivery_log,email_delivery_log_pkey,8192 bytes,0,0,0,t,t,t,CREATE UNIQUE INDEX email_delivery_log_pkey ON public.email_delivery_log USING btree (id)
public,email_delivery_log,email_delivery_log_booking_id_idx,8192 bytes,0,0,0,f,f,t,CREATE INDEX email_delivery_log_booking_id_idx ON public.email_delivery_log USING btree (booking_id)
public,email_delivery_log,email_delivery_log_message_id_idx,8192 bytes,0,0,0,f,f,t,CREATE INDEX email_delivery_log_message_id_idx ON public.email_delivery_log USING btree (message_id)
public,email_delivery_log,email_delivery_log_occurred_at_idx,8192 bytes,0,0,0,f,f,t,CREATE INDEX email_delivery_log_occurred_at_idx ON public.email_delivery_log USING btree (occurred_at DESC)
public,email_delivery_log,email_delivery_log_restaurant_id_idx,8192 bytes,0,0,0,f,f,t,CREATE INDEX email_delivery_log_restaurant_id_idx ON public.email_delivery_log USING btree (restaurant_id)
public,email_delivery_log,email_delivery_log_restaurant_occurred_at_id_idx,8192 bytes,11,0,0,f,f,t,"CREATE INDEX email_delivery_log_restaurant_occurred_at_id_idx ON public.email_delivery_log USING btree (restaurant_id, occurred_at DESC, id DESC)"
public,restaurant_capacity_rules,restaurant_capacity_rules_pkey,8192 bytes,0,0,0,t,t,t,CREATE UNIQUE INDEX restaurant_capacity_rules_pkey ON public.restaurant_capacity_rules USING btree (id)
public,restaurant_capacity_rules,idx_restaurant_capacity_rules_scope,8192 bytes,0,0,0,f,f,t,"CREATE INDEX idx_restaurant_capacity_rules_scope ON public.restaurant_capacity_rules USING btree (restaurant_id, COALESCE((day_of_week)::integer, '-1'::integer), effective_date)"
public,profile_update_requests,profile_update_requests_pkey,8192 bytes,0,0,0,t,t,t,CREATE UNIQUE INDEX profile_update_requests_pkey ON public.profile_update_requests USING btree (id)
public,profile_update_requests,profile_update_requests_profile_key_idx,8192 bytes,6,0,0,f,t,t,"CREATE UNIQUE INDEX profile_update_requests_profile_key_idx ON public.profile_update_requests USING btree (profile_id, idempotency_key)"
public,table_merge_graph,idx_table_merge_graph_restaurant_id,8192 bytes,0,0,0,f,f,t,CREATE INDEX idx_table_merge_graph_restaurant_id ON public.table_merge_graph USING btree (restaurant_id)
