table_schema,table_name,grantee,privilege_type
public,_migrations,anon,DELETE
public,_migrations,anon,INSERT
public,_migrations,anon,REFERENCES
public,_migrations,anon,SELECT
public,_migrations,anon,TRIGGER
public,_migrations,anon,TRUNCATE
public,_migrations,anon,UPDATE
public,_migrations,authenticated,DELETE
public,_migrations,authenticated,INSERT
public,_migrations,authenticated,REFERENCES
public,_migrations,authenticated,SELECT
public,_migrations,authenticated,TRIGGER
public,_migrations,authenticated,TRUNCATE
public,_migrations,authenticated,UPDATE
public,_migrations,postgres,DELETE
public,_migrations,postgres,INSERT
public,_migrations,postgres,REFERENCES
public,_migrations,postgres,SELECT
public,_migrations,postgres,TRIGGER
public,_migrations,postgres,TRUNCATE
public,_migrations,postgres,UPDATE
public,_migrations,service_role,DELETE
public,_migrations,service_role,INSERT
public,_migrations,service_role,REFERENCES
public,_migrations,service_role,SELECT
public,_migrations,service_role,TRIGGER
public,_migrations,service_role,TRUNCATE
public,_migrations,service_role,UPDATE
public,allocations,anon,DELETE
public,allocations,anon,INSERT
public,allocations,anon,REFERENCES
public,allocations,anon,SELECT
public,allocations,anon,TRIGGER
public,allocations,anon,TRUNCATE
public,allocations,anon,UPDATE
public,allocations,authenticated,DELETE
public,allocations,authenticated,INSERT
public,allocations,authenticated,REFERENCES
public,allocations,authenticated,SELECT
public,allocations,authenticated,TRIGGER
public,allocations,authenticated,TRUNCATE
public,allocations,authenticated,UPDATE
public,allocations,postgres,DELETE
public,allocations,postgres,INSERT
public,allocations,postgres,REFERENCES
public,allocations,postgres,SELECT
public,allocations,postgres,TRIGGER
public,allocations,postgres,TRUNCATE
public,allocations,postgres,UPDATE
public,allocations,service_role,DELETE
public,allocations,service_role,INSERT
public,allocations,service_role,REFERENCES
public,allocations,service_role,SELECT
public,allocations,service_role,TRIGGER
public,allocations,service_role,TRUNCATE
public,allocations,service_role,UPDATE
public,allocations_archive,anon,DELETE
public,allocations_archive,anon,INSERT
public,allocations_archive,anon,REFERENCES
public,allocations_archive,anon,SELECT
public,allocations_archive,anon,TRIGGER
public,allocations_archive,anon,TRUNCATE
public,allocations_archive,anon,UPDATE
public,allocations_archive,authenticated,DELETE
public,allocations_archive,authenticated,INSERT
public,allocations_archive,authenticated,REFERENCES
public,allocations_archive,authenticated,SELECT
public,allocations_archive,authenticated,TRIGGER
public,allocations_archive,authenticated,TRUNCATE
public,allocations_archive,authenticated,UPDATE
public,allocations_archive,postgres,DELETE
public,allocations_archive,postgres,INSERT
public,allocations_archive,postgres,REFERENCES
public,allocations_archive,postgres,SELECT
public,allocations_archive,postgres,TRIGGER
public,allocations_archive,postgres,TRUNCATE
public,allocations_archive,postgres,UPDATE
public,allocations_archive,service_role,DELETE
public,allocations_archive,service_role,INSERT
public,allocations_archive,service_role,REFERENCES
public,allocations_archive,service_role,SELECT
public,allocations_archive,service_role,TRIGGER
public,allocations_archive,service_role,TRUNCATE
public,allocations_archive,service_role,UPDATE
public,allowed_capacities,anon,DELETE
public,allowed_capacities,anon,INSERT
public,allowed_capacities,anon,REFERENCES
public,allowed_capacities,anon,SELECT
public,allowed_capacities,anon,TRIGGER
public,allowed_capacities,anon,TRUNCATE
public,allowed_capacities,anon,UPDATE
public,allowed_capacities,authenticated,DELETE
public,allowed_capacities,authenticated,INSERT
public,allowed_capacities,authenticated,REFERENCES
public,allowed_capacities,authenticated,SELECT
public,allowed_capacities,authenticated,TRIGGER
public,allowed_capacities,authenticated,TRUNCATE
public,allowed_capacities,authenticated,UPDATE
public,allowed_capacities,postgres,DELETE
public,allowed_capacities,postgres,INSERT
public,allowed_capacities,postgres,REFERENCES
public,allowed_capacities,postgres,SELECT
public,allowed_capacities,postgres,TRIGGER
public,allowed_capacities,postgres,TRUNCATE
public,allowed_capacities,postgres,UPDATE
public,allowed_capacities,service_role,DELETE
public,allowed_capacities,service_role,INSERT
public,allowed_capacities,service_role,REFERENCES
public,allowed_capacities,service_role,SELECT
public,allowed_capacities,service_role,TRIGGER
public,allowed_capacities,service_role,TRUNCATE
public,allowed_capacities,service_role,UPDATE
public,analytics_events,anon,DELETE
public,analytics_events,anon,INSERT
public,analytics_events,anon,REFERENCES
public,analytics_events,anon,SELECT
public,analytics_events,anon,TRIGGER
public,analytics_events,anon,TRUNCATE
public,analytics_events,anon,UPDATE
public,analytics_events,authenticated,DELETE
public,analytics_events,authenticated,INSERT
public,analytics_events,authenticated,REFERENCES
public,analytics_events,authenticated,SELECT
public,analytics_events,authenticated,TRIGGER
public,analytics_events,authenticated,TRUNCATE
public,analytics_events,authenticated,UPDATE
public,analytics_events,postgres,DELETE
public,analytics_events,postgres,INSERT
public,analytics_events,postgres,REFERENCES
public,analytics_events,postgres,SELECT
public,analytics_events,postgres,TRIGGER
public,analytics_events,postgres,TRUNCATE
public,analytics_events,postgres,UPDATE
public,analytics_events,service_role,DELETE
public,analytics_events,service_role,INSERT
public,analytics_events,service_role,REFERENCES
public,analytics_events,service_role,SELECT
public,analytics_events,service_role,TRIGGER
public,analytics_events,service_role,TRUNCATE
public,analytics_events,service_role,UPDATE
public,audit_logs,anon,DELETE
public,audit_logs,anon,INSERT
public,audit_logs,anon,REFERENCES
public,audit_logs,anon,SELECT
public,audit_logs,anon,TRIGGER
public,audit_logs,anon,TRUNCATE
public,audit_logs,anon,UPDATE
public,audit_logs,authenticated,DELETE
public,audit_logs,authenticated,INSERT
public,audit_logs,authenticated,REFERENCES
public,audit_logs,authenticated,SELECT
public,audit_logs,authenticated,TRIGGER
public,audit_logs,authenticated,TRUNCATE
public,audit_logs,authenticated,UPDATE
public,audit_logs,postgres,DELETE
public,audit_logs,postgres,INSERT
public,audit_logs,postgres,REFERENCES
public,audit_logs,postgres,SELECT
public,audit_logs,postgres,TRIGGER
public,audit_logs,postgres,TRUNCATE
public,audit_logs,postgres,UPDATE
public,audit_logs,service_role,DELETE
public,audit_logs,service_role,INSERT
public,audit_logs,service_role,REFERENCES
public,audit_logs,service_role,SELECT
public,audit_logs,service_role,TRIGGER
public,audit_logs,service_role,TRUNCATE
public,audit_logs,service_role,UPDATE
public,booking_assignment_attempts,anon,DELETE
public,booking_assignment_attempts,anon,INSERT
public,booking_assignment_attempts,anon,REFERENCES
public,booking_assignment_attempts,anon,SELECT
public,booking_assignment_attempts,anon,TRIGGER
public,booking_assignment_attempts,anon,TRUNCATE
public,booking_assignment_attempts,anon,UPDATE
public,booking_assignment_attempts,authenticated,DELETE
public,booking_assignment_attempts,authenticated,INSERT
public,booking_assignment_attempts,authenticated,REFERENCES
public,booking_assignment_attempts,authenticated,SELECT
public,booking_assignment_attempts,authenticated,TRIGGER
public,booking_assignment_attempts,authenticated,TRUNCATE
public,booking_assignment_attempts,authenticated,UPDATE
public,booking_assignment_attempts,postgres,DELETE
public,booking_assignment_attempts,postgres,INSERT
public,booking_assignment_attempts,postgres,REFERENCES
public,booking_assignment_attempts,postgres,SELECT
public,booking_assignment_attempts,postgres,TRIGGER
public,booking_assignment_attempts,postgres,TRUNCATE
public,booking_assignment_attempts,postgres,UPDATE
public,booking_assignment_attempts,service_role,DELETE
public,booking_assignment_attempts,service_role,INSERT
public,booking_assignment_attempts,service_role,REFERENCES
public,booking_assignment_attempts,service_role,SELECT
public,booking_assignment_attempts,service_role,TRIGGER
public,booking_assignment_attempts,service_role,TRUNCATE
public,booking_assignment_attempts,service_role,UPDATE
public,booking_assignment_idempotency,anon,DELETE
public,booking_assignment_idempotency,anon,INSERT
public,booking_assignment_idempotency,anon,REFERENCES
public,booking_assignment_idempotency,anon,SELECT
public,booking_assignment_idempotency,anon,TRIGGER
public,booking_assignment_idempotency,anon,TRUNCATE
public,booking_assignment_idempotency,anon,UPDATE
public,booking_assignment_idempotency,authenticated,DELETE
public,booking_assignment_idempotency,authenticated,INSERT
public,booking_assignment_idempotency,authenticated,REFERENCES
public,booking_assignment_idempotency,authenticated,SELECT
public,booking_assignment_idempotency,authenticated,TRIGGER
public,booking_assignment_idempotency,authenticated,TRUNCATE
public,booking_assignment_idempotency,authenticated,UPDATE
public,booking_assignment_idempotency,postgres,DELETE
public,booking_assignment_idempotency,postgres,INSERT
public,booking_assignment_idempotency,postgres,REFERENCES
public,booking_assignment_idempotency,postgres,SELECT
public,booking_assignment_idempotency,postgres,TRIGGER
public,booking_assignment_idempotency,postgres,TRUNCATE
public,booking_assignment_idempotency,postgres,UPDATE
public,booking_assignment_idempotency,service_role,DELETE
public,booking_assignment_idempotency,service_role,INSERT
public,booking_assignment_idempotency,service_role,REFERENCES
public,booking_assignment_idempotency,service_role,SELECT
public,booking_assignment_idempotency,service_role,TRIGGER
public,booking_assignment_idempotency,service_role,TRUNCATE
public,booking_assignment_idempotency,service_role,UPDATE
public,booking_confirmation_results,anon,DELETE
public,booking_confirmation_results,anon,INSERT
public,booking_confirmation_results,anon,REFERENCES
public,booking_confirmation_results,anon,SELECT
public,booking_confirmation_results,anon,TRIGGER
public,booking_confirmation_results,anon,TRUNCATE
public,booking_confirmation_results,anon,UPDATE
public,booking_confirmation_results,authenticated,DELETE
public,booking_confirmation_results,authenticated,INSERT
public,booking_confirmation_results,authenticated,REFERENCES
public,booking_confirmation_results,authenticated,SELECT
public,booking_confirmation_results,authenticated,TRIGGER
public,booking_confirmation_results,authenticated,TRUNCATE
public,booking_confirmation_results,authenticated,UPDATE
public,booking_confirmation_results,postgres,DELETE
public,booking_confirmation_results,postgres,INSERT
public,booking_confirmation_results,postgres,REFERENCES
public,booking_confirmation_results,postgres,SELECT
public,booking_confirmation_results,postgres,TRIGGER
public,booking_confirmation_results,postgres,TRUNCATE
public,booking_confirmation_results,postgres,UPDATE
public,booking_confirmation_results,service_role,DELETE
public,booking_confirmation_results,service_role,INSERT
public,booking_confirmation_results,service_role,REFERENCES
public,booking_confirmation_results,service_role,SELECT
public,booking_confirmation_results,service_role,TRIGGER
public,booking_confirmation_results,service_role,TRUNCATE
public,booking_confirmation_results,service_role,UPDATE
public,booking_occasions,anon,DELETE
public,booking_occasions,anon,INSERT
public,booking_occasions,anon,REFERENCES
public,booking_occasions,anon,SELECT
public,booking_occasions,anon,TRIGGER
public,booking_occasions,anon,TRUNCATE
public,booking_occasions,anon,UPDATE
public,booking_occasions,authenticated,DELETE
public,booking_occasions,authenticated,INSERT
public,booking_occasions,authenticated,REFERENCES
public,booking_occasions,authenticated,SELECT
public,booking_occasions,authenticated,TRIGGER
public,booking_occasions,authenticated,TRUNCATE
public,booking_occasions,authenticated,UPDATE
public,booking_occasions,postgres,DELETE
public,booking_occasions,postgres,INSERT
public,booking_occasions,postgres,REFERENCES
public,booking_occasions,postgres,SELECT
public,booking_occasions,postgres,TRIGGER
public,booking_occasions,postgres,TRUNCATE
public,booking_occasions,postgres,UPDATE
public,booking_occasions,service_role,DELETE
public,booking_occasions,service_role,INSERT
public,booking_occasions,service_role,REFERENCES
public,booking_occasions,service_role,SELECT
public,booking_occasions,service_role,TRIGGER
public,booking_occasions,service_role,TRUNCATE
public,booking_occasions,service_role,UPDATE
public,booking_occasions_audit,anon,DELETE
public,booking_occasions_audit,anon,INSERT
public,booking_occasions_audit,anon,REFERENCES
public,booking_occasions_audit,anon,SELECT
public,booking_occasions_audit,anon,TRIGGER
public,booking_occasions_audit,anon,TRUNCATE
public,booking_occasions_audit,anon,UPDATE
public,booking_occasions_audit,authenticated,DELETE
public,booking_occasions_audit,authenticated,INSERT
public,booking_occasions_audit,authenticated,REFERENCES
public,booking_occasions_audit,authenticated,SELECT
public,booking_occasions_audit,authenticated,TRIGGER
public,booking_occasions_audit,authenticated,TRUNCATE
public,booking_occasions_audit,authenticated,UPDATE
public,booking_occasions_audit,postgres,DELETE
public,booking_occasions_audit,postgres,INSERT
public,booking_occasions_audit,postgres,REFERENCES
public,booking_occasions_audit,postgres,SELECT
public,booking_occasions_audit,postgres,TRIGGER
public,booking_occasions_audit,postgres,TRUNCATE
public,booking_occasions_audit,postgres,UPDATE
public,booking_occasions_audit,service_role,DELETE
public,booking_occasions_audit,service_role,INSERT
public,booking_occasions_audit,service_role,REFERENCES
public,booking_occasions_audit,service_role,SELECT
public,booking_occasions_audit,service_role,TRIGGER
public,booking_occasions_audit,service_role,TRUNCATE
public,booking_occasions_audit,service_role,UPDATE
public,booking_slots,anon,DELETE
public,booking_slots,anon,INSERT
public,booking_slots,anon,REFERENCES
public,booking_slots,anon,SELECT
public,booking_slots,anon,TRIGGER
public,booking_slots,anon,TRUNCATE
public,booking_slots,anon,UPDATE
public,booking_slots,authenticated,DELETE
public,booking_slots,authenticated,INSERT
public,booking_slots,authenticated,REFERENCES
public,booking_slots,authenticated,SELECT
public,booking_slots,authenticated,TRIGGER
public,booking_slots,authenticated,TRUNCATE
public,booking_slots,authenticated,UPDATE
public,booking_slots,postgres,DELETE
public,booking_slots,postgres,INSERT
public,booking_slots,postgres,REFERENCES
public,booking_slots,postgres,SELECT
public,booking_slots,postgres,TRIGGER
public,booking_slots,postgres,TRUNCATE
public,booking_slots,postgres,UPDATE
public,booking_slots,service_role,DELETE
public,booking_slots,service_role,INSERT
public,booking_slots,service_role,REFERENCES
public,booking_slots,service_role,SELECT
public,booking_slots,service_role,TRIGGER
public,booking_slots,service_role,TRUNCATE
public,booking_slots,service_role,UPDATE
public,booking_state_history,anon,DELETE
public,booking_state_history,anon,INSERT
public,booking_state_history,anon,REFERENCES
public,booking_state_history,anon,SELECT
public,booking_state_history,anon,TRIGGER
public,booking_state_history,anon,TRUNCATE
public,booking_state_history,anon,UPDATE
public,booking_state_history,authenticated,DELETE
public,booking_state_history,authenticated,INSERT
public,booking_state_history,authenticated,REFERENCES
public,booking_state_history,authenticated,SELECT
public,booking_state_history,authenticated,TRIGGER
public,booking_state_history,authenticated,TRUNCATE
public,booking_state_history,authenticated,UPDATE
public,booking_state_history,postgres,DELETE
public,booking_state_history,postgres,INSERT
public,booking_state_history,postgres,REFERENCES
public,booking_state_history,postgres,SELECT
public,booking_state_history,postgres,TRIGGER
public,booking_state_history,postgres,TRUNCATE
public,booking_state_history,postgres,UPDATE
public,booking_state_history,service_role,DELETE
public,booking_state_history,service_role,INSERT
public,booking_state_history,service_role,REFERENCES
public,booking_state_history,service_role,SELECT
public,booking_state_history,service_role,TRIGGER
public,booking_state_history,service_role,TRUNCATE
public,booking_state_history,service_role,UPDATE
public,booking_table_assignments,anon,DELETE
public,booking_table_assignments,anon,INSERT
public,booking_table_assignments,anon,REFERENCES
public,booking_table_assignments,anon,SELECT
public,booking_table_assignments,anon,TRIGGER
public,booking_table_assignments,anon,TRUNCATE
public,booking_table_assignments,anon,UPDATE
public,booking_table_assignments,authenticated,DELETE
public,booking_table_assignments,authenticated,INSERT
public,booking_table_assignments,authenticated,REFERENCES
public,booking_table_assignments,authenticated,SELECT
public,booking_table_assignments,authenticated,TRIGGER
public,booking_table_assignments,authenticated,TRUNCATE
public,booking_table_assignments,authenticated,UPDATE
public,booking_table_assignments,postgres,DELETE
public,booking_table_assignments,postgres,INSERT
public,booking_table_assignments,postgres,REFERENCES
public,booking_table_assignments,postgres,SELECT
public,booking_table_assignments,postgres,TRIGGER
public,booking_table_assignments,postgres,TRUNCATE
public,booking_table_assignments,postgres,UPDATE
public,booking_table_assignments,service_role,DELETE
public,booking_table_assignments,service_role,INSERT
public,booking_table_assignments,service_role,REFERENCES
public,booking_table_assignments,service_role,SELECT
public,booking_table_assignments,service_role,TRIGGER
public,booking_table_assignments,service_role,TRUNCATE
public,booking_table_assignments,service_role,UPDATE
public,booking_versions,anon,DELETE
public,booking_versions,anon,INSERT
public,booking_versions,anon,REFERENCES
public,booking_versions,anon,SELECT
public,booking_versions,anon,TRIGGER
public,booking_versions,anon,TRUNCATE
public,booking_versions,anon,UPDATE
public,booking_versions,authenticated,DELETE
public,booking_versions,authenticated,INSERT
public,booking_versions,authenticated,REFERENCES
public,booking_versions,authenticated,SELECT
public,booking_versions,authenticated,TRIGGER
public,booking_versions,authenticated,TRUNCATE
public,booking_versions,authenticated,UPDATE
public,booking_versions,postgres,DELETE
public,booking_versions,postgres,INSERT
public,booking_versions,postgres,REFERENCES
public,booking_versions,postgres,SELECT
public,booking_versions,postgres,TRIGGER
public,booking_versions,postgres,TRUNCATE
public,booking_versions,postgres,UPDATE
public,booking_versions,service_role,DELETE
public,booking_versions,service_role,INSERT
public,booking_versions,service_role,REFERENCES
public,booking_versions,service_role,SELECT
public,booking_versions,service_role,TRIGGER
public,booking_versions,service_role,TRUNCATE
public,booking_versions,service_role,UPDATE
public,bookings,anon,DELETE
public,bookings,anon,INSERT
public,bookings,anon,REFERENCES
public,bookings,anon,SELECT
public,bookings,anon,TRIGGER
public,bookings,anon,TRUNCATE
public,bookings,anon,UPDATE
public,bookings,authenticated,DELETE
public,bookings,authenticated,INSERT
public,bookings,authenticated,REFERENCES
public,bookings,authenticated,SELECT
public,bookings,authenticated,TRIGGER
public,bookings,authenticated,TRUNCATE
public,bookings,authenticated,UPDATE
public,bookings,postgres,DELETE
public,bookings,postgres,INSERT
public,bookings,postgres,REFERENCES
public,bookings,postgres,SELECT
public,bookings,postgres,TRIGGER
public,bookings,postgres,TRUNCATE
public,bookings,postgres,UPDATE
public,bookings,service_role,DELETE
public,bookings,service_role,INSERT
public,bookings,service_role,REFERENCES
public,bookings,service_role,SELECT
public,bookings,service_role,TRIGGER
public,bookings,service_role,TRUNCATE
public,bookings,service_role,UPDATE
public,capacity_outbox,anon,DELETE
public,capacity_outbox,anon,INSERT
public,capacity_outbox,anon,REFERENCES
public,capacity_outbox,anon,SELECT
public,capacity_outbox,anon,TRIGGER
public,capacity_outbox,anon,TRUNCATE
public,capacity_outbox,anon,UPDATE
public,capacity_outbox,authenticated,DELETE
public,capacity_outbox,authenticated,INSERT
public,capacity_outbox,authenticated,REFERENCES
public,capacity_outbox,authenticated,SELECT
public,capacity_outbox,authenticated,TRIGGER
public,capacity_outbox,authenticated,TRUNCATE
public,capacity_outbox,authenticated,UPDATE
public,capacity_outbox,postgres,DELETE
public,capacity_outbox,postgres,INSERT
public,capacity_outbox,postgres,REFERENCES
public,capacity_outbox,postgres,SELECT
public,capacity_outbox,postgres,TRIGGER
public,capacity_outbox,postgres,TRUNCATE
public,capacity_outbox,postgres,UPDATE
public,capacity_outbox,service_role,DELETE
public,capacity_outbox,service_role,INSERT
public,capacity_outbox,service_role,REFERENCES
public,capacity_outbox,service_role,SELECT
public,capacity_outbox,service_role,TRIGGER
public,capacity_outbox,service_role,TRUNCATE
public,capacity_outbox,service_role,UPDATE
public,customer_profiles,anon,DELETE
public,customer_profiles,anon,INSERT
public,customer_profiles,anon,REFERENCES
public,customer_profiles,anon,SELECT
public,customer_profiles,anon,TRIGGER
public,customer_profiles,anon,TRUNCATE
public,customer_profiles,anon,UPDATE
public,customer_profiles,authenticated,DELETE
public,customer_profiles,authenticated,INSERT
public,customer_profiles,authenticated,REFERENCES
public,customer_profiles,authenticated,SELECT
public,customer_profiles,authenticated,TRIGGER
public,customer_profiles,authenticated,TRUNCATE
public,customer_profiles,authenticated,UPDATE
public,customer_profiles,postgres,DELETE
public,customer_profiles,postgres,INSERT
public,customer_profiles,postgres,REFERENCES
public,customer_profiles,postgres,SELECT
public,customer_profiles,postgres,TRIGGER
public,customer_profiles,postgres,TRUNCATE
public,customer_profiles,postgres,UPDATE
public,customer_profiles,service_role,DELETE
public,customer_profiles,service_role,INSERT
public,customer_profiles,service_role,REFERENCES
public,customer_profiles,service_role,SELECT
public,customer_profiles,service_role,TRIGGER
public,customer_profiles,service_role,TRUNCATE
public,customer_profiles,service_role,UPDATE
public,customers,anon,DELETE
public,customers,anon,INSERT
public,customers,anon,REFERENCES
public,customers,anon,SELECT
public,customers,anon,TRIGGER
public,customers,anon,TRUNCATE
public,customers,anon,UPDATE
public,customers,authenticated,DELETE
public,customers,authenticated,INSERT
public,customers,authenticated,REFERENCES
public,customers,authenticated,SELECT
public,customers,authenticated,TRIGGER
public,customers,authenticated,TRUNCATE
public,customers,authenticated,UPDATE
public,customers,postgres,DELETE
public,customers,postgres,INSERT
public,customers,postgres,REFERENCES
public,customers,postgres,SELECT
public,customers,postgres,TRIGGER
public,customers,postgres,TRUNCATE
public,customers,postgres,UPDATE
public,customers,service_role,DELETE
public,customers,service_role,INSERT
public,customers,service_role,REFERENCES
public,customers,service_role,SELECT
public,customers,service_role,TRIGGER
public,customers,service_role,TRUNCATE
public,customers,service_role,UPDATE
public,demand_profiles,anon,DELETE
public,demand_profiles,anon,INSERT
public,demand_profiles,anon,REFERENCES
public,demand_profiles,anon,SELECT
public,demand_profiles,anon,TRIGGER
public,demand_profiles,anon,TRUNCATE
public,demand_profiles,anon,UPDATE
public,demand_profiles,authenticated,DELETE
public,demand_profiles,authenticated,INSERT
public,demand_profiles,authenticated,REFERENCES
public,demand_profiles,authenticated,SELECT
public,demand_profiles,authenticated,TRIGGER
public,demand_profiles,authenticated,TRUNCATE
public,demand_profiles,authenticated,UPDATE
public,demand_profiles,postgres,DELETE
public,demand_profiles,postgres,INSERT
public,demand_profiles,postgres,REFERENCES
public,demand_profiles,postgres,SELECT
public,demand_profiles,postgres,TRIGGER
public,demand_profiles,postgres,TRUNCATE
public,demand_profiles,postgres,UPDATE
public,demand_profiles,service_role,DELETE
public,demand_profiles,service_role,INSERT
public,demand_profiles,service_role,REFERENCES
public,demand_profiles,service_role,SELECT
public,demand_profiles,service_role,TRIGGER
public,demand_profiles,service_role,TRUNCATE
public,demand_profiles,service_role,UPDATE
public,email_delivery_log,anon,DELETE
public,email_delivery_log,anon,INSERT
public,email_delivery_log,anon,REFERENCES
public,email_delivery_log,anon,SELECT
public,email_delivery_log,anon,TRIGGER
public,email_delivery_log,anon,TRUNCATE
public,email_delivery_log,anon,UPDATE
public,email_delivery_log,authenticated,DELETE
public,email_delivery_log,authenticated,INSERT
public,email_delivery_log,authenticated,REFERENCES
public,email_delivery_log,authenticated,SELECT
public,email_delivery_log,authenticated,TRIGGER
public,email_delivery_log,authenticated,TRUNCATE
public,email_delivery_log,authenticated,UPDATE
public,email_delivery_log,postgres,DELETE
public,email_delivery_log,postgres,INSERT
public,email_delivery_log,postgres,REFERENCES
public,email_delivery_log,postgres,SELECT
public,email_delivery_log,postgres,TRIGGER
public,email_delivery_log,postgres,TRUNCATE
public,email_delivery_log,postgres,UPDATE
public,email_delivery_log,service_role,DELETE
public,email_delivery_log,service_role,INSERT
public,email_delivery_log,service_role,REFERENCES
public,email_delivery_log,service_role,SELECT
public,email_delivery_log,service_role,TRIGGER
public,email_delivery_log,service_role,TRUNCATE
public,email_delivery_log,service_role,UPDATE
public,feature_flag_overrides,anon,DELETE
public,feature_flag_overrides,anon,INSERT
public,feature_flag_overrides,anon,REFERENCES
public,feature_flag_overrides,anon,SELECT
public,feature_flag_overrides,anon,TRIGGER
public,feature_flag_overrides,anon,TRUNCATE
public,feature_flag_overrides,anon,UPDATE
public,feature_flag_overrides,authenticated,DELETE
public,feature_flag_overrides,authenticated,INSERT
public,feature_flag_overrides,authenticated,REFERENCES
public,feature_flag_overrides,authenticated,SELECT
public,feature_flag_overrides,authenticated,TRIGGER
public,feature_flag_overrides,authenticated,TRUNCATE
public,feature_flag_overrides,authenticated,UPDATE
public,feature_flag_overrides,postgres,DELETE
public,feature_flag_overrides,postgres,INSERT
public,feature_flag_overrides,postgres,REFERENCES
public,feature_flag_overrides,postgres,SELECT
public,feature_flag_overrides,postgres,TRIGGER
public,feature_flag_overrides,postgres,TRUNCATE
public,feature_flag_overrides,postgres,UPDATE
public,feature_flag_overrides,service_role,DELETE
public,feature_flag_overrides,service_role,INSERT
public,feature_flag_overrides,service_role,REFERENCES
public,feature_flag_overrides,service_role,SELECT
public,feature_flag_overrides,service_role,TRIGGER
public,feature_flag_overrides,service_role,TRUNCATE
public,feature_flag_overrides,service_role,UPDATE
public,leads,anon,DELETE
public,leads,anon,INSERT
public,leads,anon,REFERENCES
public,leads,anon,SELECT
public,leads,anon,TRIGGER
public,leads,anon,TRUNCATE
public,leads,anon,UPDATE
public,leads,authenticated,DELETE
public,leads,authenticated,INSERT
public,leads,authenticated,REFERENCES
public,leads,authenticated,SELECT
public,leads,authenticated,TRIGGER
public,leads,authenticated,TRUNCATE
public,leads,authenticated,UPDATE
public,leads,postgres,DELETE
public,leads,postgres,INSERT
public,leads,postgres,REFERENCES
public,leads,postgres,SELECT
public,leads,postgres,TRIGGER
public,leads,postgres,TRUNCATE
public,leads,postgres,UPDATE
public,leads,service_role,DELETE
public,leads,service_role,INSERT
public,leads,service_role,REFERENCES
public,leads,service_role,SELECT
public,leads,service_role,TRIGGER
public,leads,service_role,TRUNCATE
public,leads,service_role,UPDATE
public,loyalty_point_events,anon,DELETE
public,loyalty_point_events,anon,INSERT
public,loyalty_point_events,anon,REFERENCES
public,loyalty_point_events,anon,SELECT
public,loyalty_point_events,anon,TRIGGER
public,loyalty_point_events,anon,TRUNCATE
public,loyalty_point_events,anon,UPDATE
public,loyalty_point_events,authenticated,DELETE
public,loyalty_point_events,authenticated,INSERT
public,loyalty_point_events,authenticated,REFERENCES
public,loyalty_point_events,authenticated,SELECT
public,loyalty_point_events,authenticated,TRIGGER
public,loyalty_point_events,authenticated,TRUNCATE
public,loyalty_point_events,authenticated,UPDATE
public,loyalty_point_events,postgres,DELETE
public,loyalty_point_events,postgres,INSERT
public,loyalty_point_events,postgres,REFERENCES
public,loyalty_point_events,postgres,SELECT
public,loyalty_point_events,postgres,TRIGGER
public,loyalty_point_events,postgres,TRUNCATE
public,loyalty_point_events,postgres,UPDATE
public,loyalty_point_events,service_role,DELETE
public,loyalty_point_events,service_role,INSERT
public,loyalty_point_events,service_role,REFERENCES
public,loyalty_point_events,service_role,SELECT
public,loyalty_point_events,service_role,TRIGGER
public,loyalty_point_events,service_role,TRUNCATE
public,loyalty_point_events,service_role,UPDATE
public,loyalty_points,anon,DELETE
public,loyalty_points,anon,INSERT
public,loyalty_points,anon,REFERENCES
public,loyalty_points,anon,SELECT
public,loyalty_points,anon,TRIGGER
public,loyalty_points,anon,TRUNCATE
public,loyalty_points,anon,UPDATE
public,loyalty_points,authenticated,DELETE
public,loyalty_points,authenticated,INSERT
public,loyalty_points,authenticated,REFERENCES
public,loyalty_points,authenticated,SELECT
public,loyalty_points,authenticated,TRIGGER
public,loyalty_points,authenticated,TRUNCATE
public,loyalty_points,authenticated,UPDATE
public,loyalty_points,postgres,DELETE
public,loyalty_points,postgres,INSERT
public,loyalty_points,postgres,REFERENCES
public,loyalty_points,postgres,SELECT
public,loyalty_points,postgres,TRIGGER
public,loyalty_points,postgres,TRUNCATE
public,loyalty_points,postgres,UPDATE
public,loyalty_points,service_role,DELETE
public,loyalty_points,service_role,INSERT
public,loyalty_points,service_role,REFERENCES
public,loyalty_points,service_role,SELECT
public,loyalty_points,service_role,TRIGGER
public,loyalty_points,service_role,TRUNCATE
public,loyalty_points,service_role,UPDATE
public,loyalty_programs,anon,DELETE
public,loyalty_programs,anon,INSERT
public,loyalty_programs,anon,REFERENCES
public,loyalty_programs,anon,SELECT
public,loyalty_programs,anon,TRIGGER
public,loyalty_programs,anon,TRUNCATE
public,loyalty_programs,anon,UPDATE
public,loyalty_programs,authenticated,DELETE
public,loyalty_programs,authenticated,INSERT
public,loyalty_programs,authenticated,REFERENCES
public,loyalty_programs,authenticated,SELECT
public,loyalty_programs,authenticated,TRIGGER
public,loyalty_programs,authenticated,TRUNCATE
public,loyalty_programs,authenticated,UPDATE
public,loyalty_programs,postgres,DELETE
public,loyalty_programs,postgres,INSERT
public,loyalty_programs,postgres,REFERENCES
public,loyalty_programs,postgres,SELECT
public,loyalty_programs,postgres,TRIGGER
public,loyalty_programs,postgres,TRUNCATE
public,loyalty_programs,postgres,UPDATE
public,loyalty_programs,service_role,DELETE
public,loyalty_programs,service_role,INSERT
public,loyalty_programs,service_role,REFERENCES
public,loyalty_programs,service_role,SELECT
public,loyalty_programs,service_role,TRIGGER
public,loyalty_programs,service_role,TRUNCATE
public,loyalty_programs,service_role,UPDATE
public,manual_assignment_sessions,anon,DELETE
public,manual_assignment_sessions,anon,INSERT
public,manual_assignment_sessions,anon,REFERENCES
public,manual_assignment_sessions,anon,SELECT
public,manual_assignment_sessions,anon,TRIGGER
public,manual_assignment_sessions,anon,TRUNCATE
public,manual_assignment_sessions,anon,UPDATE
public,manual_assignment_sessions,authenticated,DELETE
public,manual_assignment_sessions,authenticated,INSERT
public,manual_assignment_sessions,authenticated,REFERENCES
public,manual_assignment_sessions,authenticated,SELECT
public,manual_assignment_sessions,authenticated,TRIGGER
public,manual_assignment_sessions,authenticated,TRUNCATE
public,manual_assignment_sessions,authenticated,UPDATE
public,manual_assignment_sessions,postgres,DELETE
public,manual_assignment_sessions,postgres,INSERT
public,manual_assignment_sessions,postgres,REFERENCES
public,manual_assignment_sessions,postgres,SELECT
public,manual_assignment_sessions,postgres,TRIGGER
public,manual_assignment_sessions,postgres,TRUNCATE
public,manual_assignment_sessions,postgres,UPDATE
public,manual_assignment_sessions,service_role,DELETE
public,manual_assignment_sessions,service_role,INSERT
public,manual_assignment_sessions,service_role,REFERENCES
public,manual_assignment_sessions,service_role,SELECT
public,manual_assignment_sessions,service_role,TRIGGER
public,manual_assignment_sessions,service_role,TRUNCATE
public,manual_assignment_sessions,service_role,UPDATE
public,merge_rules,anon,DELETE
public,merge_rules,anon,INSERT
public,merge_rules,anon,REFERENCES
public,merge_rules,anon,SELECT
public,merge_rules,anon,TRIGGER
public,merge_rules,anon,TRUNCATE
public,merge_rules,anon,UPDATE
public,merge_rules,authenticated,DELETE
public,merge_rules,authenticated,INSERT
public,merge_rules,authenticated,REFERENCES
public,merge_rules,authenticated,SELECT
public,merge_rules,authenticated,TRIGGER
public,merge_rules,authenticated,TRUNCATE
public,merge_rules,authenticated,UPDATE
public,merge_rules,postgres,DELETE
public,merge_rules,postgres,INSERT
public,merge_rules,postgres,REFERENCES
public,merge_rules,postgres,SELECT
public,merge_rules,postgres,TRIGGER
public,merge_rules,postgres,TRUNCATE
public,merge_rules,postgres,UPDATE
public,merge_rules,service_role,DELETE
public,merge_rules,service_role,INSERT
public,merge_rules,service_role,REFERENCES
public,merge_rules,service_role,SELECT
public,merge_rules,service_role,TRIGGER
public,merge_rules,service_role,TRUNCATE
public,merge_rules,service_role,UPDATE
public,observability_events,anon,DELETE
public,observability_events,anon,INSERT
public,observability_events,anon,REFERENCES
public,observability_events,anon,SELECT
public,observability_events,anon,TRIGGER
public,observability_events,anon,TRUNCATE
public,observability_events,anon,UPDATE
public,observability_events,authenticated,DELETE
public,observability_events,authenticated,INSERT
public,observability_events,authenticated,REFERENCES
public,observability_events,authenticated,SELECT
public,observability_events,authenticated,TRIGGER
public,observability_events,authenticated,TRUNCATE
public,observability_events,authenticated,UPDATE
public,observability_events,postgres,DELETE
public,observability_events,postgres,INSERT
public,observability_events,postgres,REFERENCES
public,observability_events,postgres,SELECT
public,observability_events,postgres,TRIGGER
public,observability_events,postgres,TRUNCATE
public,observability_events,postgres,UPDATE
public,observability_events,service_role,DELETE
public,observability_events,service_role,INSERT
public,observability_events,service_role,REFERENCES
public,observability_events,service_role,SELECT
public,observability_events,service_role,TRIGGER
public,observability_events,service_role,TRUNCATE
public,observability_events,service_role,UPDATE
public,profile_update_requests,anon,DELETE
public,profile_update_requests,anon,INSERT
public,profile_update_requests,anon,REFERENCES
public,profile_update_requests,anon,SELECT
public,profile_update_requests,anon,TRIGGER
public,profile_update_requests,anon,TRUNCATE
public,profile_update_requests,anon,UPDATE
public,profile_update_requests,authenticated,DELETE
public,profile_update_requests,authenticated,INSERT
public,profile_update_requests,authenticated,REFERENCES
public,profile_update_requests,authenticated,SELECT
public,profile_update_requests,authenticated,TRIGGER
public,profile_update_requests,authenticated,TRUNCATE
public,profile_update_requests,authenticated,UPDATE
public,profile_update_requests,postgres,DELETE
public,profile_update_requests,postgres,INSERT
public,profile_update_requests,postgres,REFERENCES
public,profile_update_requests,postgres,SELECT
public,profile_update_requests,postgres,TRIGGER
public,profile_update_requests,postgres,TRUNCATE
public,profile_update_requests,postgres,UPDATE
public,profile_update_requests,service_role,DELETE
public,profile_update_requests,service_role,INSERT
public,profile_update_requests,service_role,REFERENCES
public,profile_update_requests,service_role,SELECT
public,profile_update_requests,service_role,TRIGGER
public,profile_update_requests,service_role,TRUNCATE
public,profile_update_requests,service_role,UPDATE
public,profiles,anon,DELETE
public,profiles,anon,INSERT
public,profiles,anon,REFERENCES
public,profiles,anon,SELECT
public,profiles,anon,TRIGGER
public,profiles,anon,TRUNCATE
public,profiles,anon,UPDATE
public,profiles,authenticated,DELETE
public,profiles,authenticated,INSERT
public,profiles,authenticated,REFERENCES
public,profiles,authenticated,SELECT
public,profiles,authenticated,TRIGGER
public,profiles,authenticated,TRUNCATE
public,profiles,authenticated,UPDATE
public,profiles,postgres,DELETE
public,profiles,postgres,INSERT
public,profiles,postgres,REFERENCES
public,profiles,postgres,SELECT
public,profiles,postgres,TRIGGER
public,profiles,postgres,TRUNCATE
public,profiles,postgres,UPDATE
public,profiles,service_role,DELETE
public,profiles,service_role,INSERT
public,profiles,service_role,REFERENCES
public,profiles,service_role,SELECT
public,profiles,service_role,TRIGGER
public,profiles,service_role,TRUNCATE
public,profiles,service_role,UPDATE
public,restaurant_capacity_rules,anon,DELETE
public,restaurant_capacity_rules,anon,INSERT
public,restaurant_capacity_rules,anon,REFERENCES
public,restaurant_capacity_rules,anon,SELECT
public,restaurant_capacity_rules,anon,TRIGGER
public,restaurant_capacity_rules,anon,TRUNCATE
public,restaurant_capacity_rules,anon,UPDATE
public,restaurant_capacity_rules,authenticated,DELETE
public,restaurant_capacity_rules,authenticated,INSERT
public,restaurant_capacity_rules,authenticated,REFERENCES
public,restaurant_capacity_rules,authenticated,SELECT
public,restaurant_capacity_rules,authenticated,TRIGGER
public,restaurant_capacity_rules,authenticated,TRUNCATE
public,restaurant_capacity_rules,authenticated,UPDATE
public,restaurant_capacity_rules,postgres,DELETE
public,restaurant_capacity_rules,postgres,INSERT
public,restaurant_capacity_rules,postgres,REFERENCES
public,restaurant_capacity_rules,postgres,SELECT
public,restaurant_capacity_rules,postgres,TRIGGER
public,restaurant_capacity_rules,postgres,TRUNCATE
public,restaurant_capacity_rules,postgres,UPDATE
public,restaurant_capacity_rules,service_role,DELETE
public,restaurant_capacity_rules,service_role,INSERT
public,restaurant_capacity_rules,service_role,REFERENCES
public,restaurant_capacity_rules,service_role,SELECT
public,restaurant_capacity_rules,service_role,TRIGGER
public,restaurant_capacity_rules,service_role,TRUNCATE
public,restaurant_capacity_rules,service_role,UPDATE
public,restaurant_invites,anon,DELETE
public,restaurant_invites,anon,INSERT
public,restaurant_invites,anon,REFERENCES
public,restaurant_invites,anon,SELECT
public,restaurant_invites,anon,TRIGGER
public,restaurant_invites,anon,TRUNCATE
public,restaurant_invites,anon,UPDATE
public,restaurant_invites,authenticated,DELETE
public,restaurant_invites,authenticated,INSERT
public,restaurant_invites,authenticated,REFERENCES
public,restaurant_invites,authenticated,SELECT
public,restaurant_invites,authenticated,TRIGGER
public,restaurant_invites,authenticated,TRUNCATE
public,restaurant_invites,authenticated,UPDATE
public,restaurant_invites,postgres,DELETE
public,restaurant_invites,postgres,INSERT
public,restaurant_invites,postgres,REFERENCES
public,restaurant_invites,postgres,SELECT
public,restaurant_invites,postgres,TRIGGER
public,restaurant_invites,postgres,TRUNCATE
public,restaurant_invites,postgres,UPDATE
public,restaurant_invites,service_role,DELETE
public,restaurant_invites,service_role,INSERT
public,restaurant_invites,service_role,REFERENCES
public,restaurant_invites,service_role,SELECT
public,restaurant_invites,service_role,TRIGGER
public,restaurant_invites,service_role,TRUNCATE
public,restaurant_invites,service_role,UPDATE
public,restaurant_memberships,anon,DELETE
public,restaurant_memberships,anon,INSERT
public,restaurant_memberships,anon,REFERENCES
public,restaurant_memberships,anon,SELECT
public,restaurant_memberships,anon,TRIGGER
public,restaurant_memberships,anon,TRUNCATE
public,restaurant_memberships,anon,UPDATE
public,restaurant_memberships,authenticated,DELETE
public,restaurant_memberships,authenticated,INSERT
public,restaurant_memberships,authenticated,REFERENCES
public,restaurant_memberships,authenticated,SELECT
public,restaurant_memberships,authenticated,TRIGGER
public,restaurant_memberships,authenticated,TRUNCATE
public,restaurant_memberships,authenticated,UPDATE
public,restaurant_memberships,postgres,DELETE
public,restaurant_memberships,postgres,INSERT
public,restaurant_memberships,postgres,REFERENCES
public,restaurant_memberships,postgres,SELECT
public,restaurant_memberships,postgres,TRIGGER
public,restaurant_memberships,postgres,TRUNCATE
public,restaurant_memberships,postgres,UPDATE
public,restaurant_memberships,service_role,DELETE
public,restaurant_memberships,service_role,INSERT
public,restaurant_memberships,service_role,REFERENCES
public,restaurant_memberships,service_role,SELECT
public,restaurant_memberships,service_role,TRIGGER
public,restaurant_memberships,service_role,TRUNCATE
public,restaurant_memberships,service_role,UPDATE
public,restaurant_operating_hours,anon,DELETE
public,restaurant_operating_hours,anon,INSERT
public,restaurant_operating_hours,anon,REFERENCES
public,restaurant_operating_hours,anon,SELECT
public,restaurant_operating_hours,anon,TRIGGER
public,restaurant_operating_hours,anon,TRUNCATE
public,restaurant_operating_hours,anon,UPDATE
public,restaurant_operating_hours,authenticated,DELETE
public,restaurant_operating_hours,authenticated,INSERT
public,restaurant_operating_hours,authenticated,REFERENCES
public,restaurant_operating_hours,authenticated,SELECT
public,restaurant_operating_hours,authenticated,TRIGGER
public,restaurant_operating_hours,authenticated,TRUNCATE
public,restaurant_operating_hours,authenticated,UPDATE
public,restaurant_operating_hours,postgres,DELETE
public,restaurant_operating_hours,postgres,INSERT
public,restaurant_operating_hours,postgres,REFERENCES
public,restaurant_operating_hours,postgres,SELECT
public,restaurant_operating_hours,postgres,TRIGGER
public,restaurant_operating_hours,postgres,TRUNCATE
public,restaurant_operating_hours,postgres,UPDATE
public,restaurant_operating_hours,service_role,DELETE
public,restaurant_operating_hours,service_role,INSERT
public,restaurant_operating_hours,service_role,REFERENCES
public,restaurant_operating_hours,service_role,SELECT
public,restaurant_operating_hours,service_role,TRIGGER
public,restaurant_operating_hours,service_role,TRUNCATE
public,restaurant_operating_hours,service_role,UPDATE
public,restaurant_service_periods,anon,DELETE
public,restaurant_service_periods,anon,INSERT
public,restaurant_service_periods,anon,REFERENCES
public,restaurant_service_periods,anon,SELECT
public,restaurant_service_periods,anon,TRIGGER
public,restaurant_service_periods,anon,TRUNCATE
public,restaurant_service_periods,anon,UPDATE
public,restaurant_service_periods,authenticated,DELETE
public,restaurant_service_periods,authenticated,INSERT
public,restaurant_service_periods,authenticated,REFERENCES
public,restaurant_service_periods,authenticated,SELECT
public,restaurant_service_periods,authenticated,TRIGGER
public,restaurant_service_periods,authenticated,TRUNCATE
public,restaurant_service_periods,authenticated,UPDATE
public,restaurant_service_periods,postgres,DELETE
public,restaurant_service_periods,postgres,INSERT
public,restaurant_service_periods,postgres,REFERENCES
public,restaurant_service_periods,postgres,SELECT
public,restaurant_service_periods,postgres,TRIGGER
public,restaurant_service_periods,postgres,TRUNCATE
public,restaurant_service_periods,postgres,UPDATE
public,restaurant_service_periods,service_role,DELETE
public,restaurant_service_periods,service_role,INSERT
public,restaurant_service_periods,service_role,REFERENCES
public,restaurant_service_periods,service_role,SELECT
public,restaurant_service_periods,service_role,TRIGGER
public,restaurant_service_periods,service_role,TRUNCATE
public,restaurant_service_periods,service_role,UPDATE
public,restaurant_turn_bands,anon,DELETE
public,restaurant_turn_bands,anon,INSERT
public,restaurant_turn_bands,anon,REFERENCES
public,restaurant_turn_bands,anon,SELECT
public,restaurant_turn_bands,anon,TRIGGER
public,restaurant_turn_bands,anon,TRUNCATE
public,restaurant_turn_bands,anon,UPDATE
public,restaurant_turn_bands,authenticated,DELETE
public,restaurant_turn_bands,authenticated,INSERT
public,restaurant_turn_bands,authenticated,REFERENCES
public,restaurant_turn_bands,authenticated,SELECT
public,restaurant_turn_bands,authenticated,TRIGGER
public,restaurant_turn_bands,authenticated,TRUNCATE
public,restaurant_turn_bands,authenticated,UPDATE
public,restaurant_turn_bands,postgres,DELETE
public,restaurant_turn_bands,postgres,INSERT
public,restaurant_turn_bands,postgres,REFERENCES
public,restaurant_turn_bands,postgres,SELECT
public,restaurant_turn_bands,postgres,TRIGGER
public,restaurant_turn_bands,postgres,TRUNCATE
public,restaurant_turn_bands,postgres,UPDATE
public,restaurant_turn_bands,service_role,DELETE
public,restaurant_turn_bands,service_role,INSERT
public,restaurant_turn_bands,service_role,REFERENCES
public,restaurant_turn_bands,service_role,SELECT
public,restaurant_turn_bands,service_role,TRIGGER
public,restaurant_turn_bands,service_role,TRUNCATE
public,restaurant_turn_bands,service_role,UPDATE
public,restaurants,anon,DELETE
public,restaurants,anon,INSERT
public,restaurants,anon,REFERENCES
public,restaurants,anon,SELECT
public,restaurants,anon,TRIGGER
public,restaurants,anon,TRUNCATE
public,restaurants,anon,UPDATE
public,restaurants,authenticated,DELETE
public,restaurants,authenticated,INSERT
public,restaurants,authenticated,REFERENCES
public,restaurants,authenticated,SELECT
public,restaurants,authenticated,TRIGGER
public,restaurants,authenticated,TRUNCATE
public,restaurants,authenticated,UPDATE
public,restaurants,postgres,DELETE
public,restaurants,postgres,INSERT
public,restaurants,postgres,REFERENCES
public,restaurants,postgres,SELECT
public,restaurants,postgres,TRIGGER
public,restaurants,postgres,TRUNCATE
public,restaurants,postgres,UPDATE
public,restaurants,service_role,DELETE
public,restaurants,service_role,INSERT
public,restaurants,service_role,REFERENCES
public,restaurants,service_role,SELECT
public,restaurants,service_role,TRIGGER
public,restaurants,service_role,TRUNCATE
public,restaurants,service_role,UPDATE
public,service_policy,anon,DELETE
public,service_policy,anon,INSERT
public,service_policy,anon,REFERENCES
public,service_policy,anon,SELECT
public,service_policy,anon,TRIGGER
public,service_policy,anon,TRUNCATE
public,service_policy,anon,UPDATE
public,service_policy,authenticated,DELETE
public,service_policy,authenticated,INSERT
public,service_policy,authenticated,REFERENCES
public,service_policy,authenticated,SELECT
public,service_policy,authenticated,TRIGGER
public,service_policy,authenticated,TRUNCATE
public,service_policy,authenticated,UPDATE
public,service_policy,postgres,DELETE
public,service_policy,postgres,INSERT
public,service_policy,postgres,REFERENCES
public,service_policy,postgres,SELECT
public,service_policy,postgres,TRIGGER
public,service_policy,postgres,TRUNCATE
public,service_policy,postgres,UPDATE
public,service_policy,service_role,DELETE
public,service_policy,service_role,INSERT
public,service_policy,service_role,REFERENCES
public,service_policy,service_role,SELECT
public,service_policy,service_role,TRIGGER
public,service_policy,service_role,TRUNCATE
public,service_policy,service_role,UPDATE
public,strategic_configs,anon,DELETE
public,strategic_configs,anon,INSERT
public,strategic_configs,anon,REFERENCES
public,strategic_configs,anon,SELECT
public,strategic_configs,anon,TRIGGER
public,strategic_configs,anon,TRUNCATE
public,strategic_configs,anon,UPDATE
public,strategic_configs,authenticated,DELETE
public,strategic_configs,authenticated,INSERT
public,strategic_configs,authenticated,REFERENCES
public,strategic_configs,authenticated,SELECT
public,strategic_configs,authenticated,TRIGGER
public,strategic_configs,authenticated,TRUNCATE
public,strategic_configs,authenticated,UPDATE
public,strategic_configs,postgres,DELETE
public,strategic_configs,postgres,INSERT
public,strategic_configs,postgres,REFERENCES
public,strategic_configs,postgres,SELECT
public,strategic_configs,postgres,TRIGGER
public,strategic_configs,postgres,TRUNCATE
public,strategic_configs,postgres,UPDATE
public,strategic_configs,service_role,DELETE
public,strategic_configs,service_role,INSERT
public,strategic_configs,service_role,REFERENCES
public,strategic_configs,service_role,SELECT
public,strategic_configs,service_role,TRIGGER
public,strategic_configs,service_role,TRUNCATE
public,strategic_configs,service_role,UPDATE
public,table_adjacencies,anon,DELETE
public,table_adjacencies,anon,INSERT
public,table_adjacencies,anon,REFERENCES
public,table_adjacencies,anon,SELECT
public,table_adjacencies,anon,TRIGGER
public,table_adjacencies,anon,TRUNCATE
public,table_adjacencies,anon,UPDATE
public,table_adjacencies,authenticated,DELETE
public,table_adjacencies,authenticated,INSERT
public,table_adjacencies,authenticated,REFERENCES
public,table_adjacencies,authenticated,SELECT
public,table_adjacencies,authenticated,TRIGGER
public,table_adjacencies,authenticated,TRUNCATE
public,table_adjacencies,authenticated,UPDATE
public,table_adjacencies,postgres,DELETE
public,table_adjacencies,postgres,INSERT
public,table_adjacencies,postgres,REFERENCES
public,table_adjacencies,postgres,SELECT
public,table_adjacencies,postgres,TRIGGER
public,table_adjacencies,postgres,TRUNCATE
public,table_adjacencies,postgres,UPDATE
public,table_adjacencies,service_role,DELETE
public,table_adjacencies,service_role,INSERT
public,table_adjacencies,service_role,REFERENCES
public,table_adjacencies,service_role,SELECT
public,table_adjacencies,service_role,TRIGGER
public,table_adjacencies,service_role,TRUNCATE
public,table_adjacencies,service_role,UPDATE
public,table_hold_members,anon,DELETE
public,table_hold_members,anon,INSERT
public,table_hold_members,anon,REFERENCES
public,table_hold_members,anon,SELECT
public,table_hold_members,anon,TRIGGER
public,table_hold_members,anon,TRUNCATE
public,table_hold_members,anon,UPDATE
public,table_hold_members,authenticated,DELETE
public,table_hold_members,authenticated,INSERT
public,table_hold_members,authenticated,REFERENCES
public,table_hold_members,authenticated,SELECT
public,table_hold_members,authenticated,TRIGGER
public,table_hold_members,authenticated,TRUNCATE
public,table_hold_members,authenticated,UPDATE
public,table_hold_members,postgres,DELETE
public,table_hold_members,postgres,INSERT
public,table_hold_members,postgres,REFERENCES
public,table_hold_members,postgres,SELECT
public,table_hold_members,postgres,TRIGGER
public,table_hold_members,postgres,TRUNCATE
public,table_hold_members,postgres,UPDATE
public,table_hold_members,service_role,DELETE
public,table_hold_members,service_role,INSERT
public,table_hold_members,service_role,REFERENCES
public,table_hold_members,service_role,SELECT
public,table_hold_members,service_role,TRIGGER
public,table_hold_members,service_role,TRUNCATE
public,table_hold_members,service_role,UPDATE
public,table_hold_windows,anon,DELETE
public,table_hold_windows,anon,INSERT
public,table_hold_windows,anon,REFERENCES
public,table_hold_windows,anon,SELECT
public,table_hold_windows,anon,TRIGGER
public,table_hold_windows,anon,TRUNCATE
public,table_hold_windows,anon,UPDATE
public,table_hold_windows,authenticated,DELETE
public,table_hold_windows,authenticated,INSERT
public,table_hold_windows,authenticated,REFERENCES
public,table_hold_windows,authenticated,SELECT
public,table_hold_windows,authenticated,TRIGGER
public,table_hold_windows,authenticated,TRUNCATE
public,table_hold_windows,authenticated,UPDATE
public,table_hold_windows,postgres,DELETE
public,table_hold_windows,postgres,INSERT
public,table_hold_windows,postgres,REFERENCES
public,table_hold_windows,postgres,SELECT
public,table_hold_windows,postgres,TRIGGER
public,table_hold_windows,postgres,TRUNCATE
public,table_hold_windows,postgres,UPDATE
public,table_hold_windows,service_role,DELETE
public,table_hold_windows,service_role,INSERT
public,table_hold_windows,service_role,REFERENCES
public,table_hold_windows,service_role,SELECT
public,table_hold_windows,service_role,TRIGGER
public,table_hold_windows,service_role,TRUNCATE
public,table_hold_windows,service_role,UPDATE
public,table_holds,anon,DELETE
public,table_holds,anon,INSERT
public,table_holds,anon,REFERENCES
public,table_holds,anon,SELECT
public,table_holds,anon,TRIGGER
public,table_holds,anon,TRUNCATE
public,table_holds,anon,UPDATE
public,table_holds,authenticated,DELETE
public,table_holds,authenticated,INSERT
public,table_holds,authenticated,REFERENCES
public,table_holds,authenticated,SELECT
public,table_holds,authenticated,TRIGGER
public,table_holds,authenticated,TRUNCATE
public,table_holds,authenticated,UPDATE
public,table_holds,postgres,DELETE
public,table_holds,postgres,INSERT
public,table_holds,postgres,REFERENCES
public,table_holds,postgres,SELECT
public,table_holds,postgres,TRIGGER
public,table_holds,postgres,TRUNCATE
public,table_holds,postgres,UPDATE
public,table_holds,service_role,DELETE
public,table_holds,service_role,INSERT
public,table_holds,service_role,REFERENCES
public,table_holds,service_role,SELECT
public,table_holds,service_role,TRIGGER
public,table_holds,service_role,TRUNCATE
public,table_holds,service_role,UPDATE
public,table_inventory,anon,DELETE
public,table_inventory,anon,INSERT
public,table_inventory,anon,REFERENCES
public,table_inventory,anon,SELECT
public,table_inventory,anon,TRIGGER
public,table_inventory,anon,TRUNCATE
public,table_inventory,anon,UPDATE
public,table_inventory,authenticated,DELETE
public,table_inventory,authenticated,INSERT
public,table_inventory,authenticated,REFERENCES
public,table_inventory,authenticated,SELECT
public,table_inventory,authenticated,TRIGGER
public,table_inventory,authenticated,TRUNCATE
public,table_inventory,authenticated,UPDATE
public,table_inventory,postgres,DELETE
public,table_inventory,postgres,INSERT
public,table_inventory,postgres,REFERENCES
public,table_inventory,postgres,SELECT
public,table_inventory,postgres,TRIGGER
public,table_inventory,postgres,TRUNCATE
public,table_inventory,postgres,UPDATE
public,table_inventory,service_role,DELETE
public,table_inventory,service_role,INSERT
public,table_inventory,service_role,REFERENCES
public,table_inventory,service_role,SELECT
public,table_inventory,service_role,TRIGGER
public,table_inventory,service_role,TRUNCATE
public,table_inventory,service_role,UPDATE
public,table_merge_graph,anon,DELETE
public,table_merge_graph,anon,INSERT
public,table_merge_graph,anon,REFERENCES
public,table_merge_graph,anon,SELECT
public,table_merge_graph,anon,TRIGGER
public,table_merge_graph,anon,TRUNCATE
public,table_merge_graph,anon,UPDATE
public,table_merge_graph,authenticated,DELETE
public,table_merge_graph,authenticated,INSERT
public,table_merge_graph,authenticated,REFERENCES
public,table_merge_graph,authenticated,SELECT
public,table_merge_graph,authenticated,TRIGGER
public,table_merge_graph,authenticated,TRUNCATE
public,table_merge_graph,authenticated,UPDATE
public,table_merge_graph,postgres,DELETE
public,table_merge_graph,postgres,INSERT
public,table_merge_graph,postgres,REFERENCES
public,table_merge_graph,postgres,SELECT
public,table_merge_graph,postgres,TRIGGER
public,table_merge_graph,postgres,TRUNCATE
public,table_merge_graph,postgres,UPDATE
public,table_merge_graph,service_role,DELETE
public,table_merge_graph,service_role,INSERT
public,table_merge_graph,service_role,REFERENCES
public,table_merge_graph,service_role,SELECT
public,table_merge_graph,service_role,TRIGGER
public,table_merge_graph,service_role,TRUNCATE
public,table_merge_graph,service_role,UPDATE
public,table_scarcity_metrics,anon,DELETE
public,table_scarcity_metrics,anon,INSERT
public,table_scarcity_metrics,anon,REFERENCES
public,table_scarcity_metrics,anon,SELECT
public,table_scarcity_metrics,anon,TRIGGER
public,table_scarcity_metrics,anon,TRUNCATE
public,table_scarcity_metrics,anon,UPDATE
public,table_scarcity_metrics,authenticated,DELETE
public,table_scarcity_metrics,authenticated,INSERT
public,table_scarcity_metrics,authenticated,REFERENCES
public,table_scarcity_metrics,authenticated,SELECT
public,table_scarcity_metrics,authenticated,TRIGGER
public,table_scarcity_metrics,authenticated,TRUNCATE
public,table_scarcity_metrics,authenticated,UPDATE
public,table_scarcity_metrics,postgres,DELETE
public,table_scarcity_metrics,postgres,INSERT
public,table_scarcity_metrics,postgres,REFERENCES
public,table_scarcity_metrics,postgres,SELECT
public,table_scarcity_metrics,postgres,TRIGGER
public,table_scarcity_metrics,postgres,TRUNCATE
public,table_scarcity_metrics,postgres,UPDATE
public,table_scarcity_metrics,service_role,DELETE
public,table_scarcity_metrics,service_role,INSERT
public,table_scarcity_metrics,service_role,REFERENCES
public,table_scarcity_metrics,service_role,SELECT
public,table_scarcity_metrics,service_role,TRIGGER
public,table_scarcity_metrics,service_role,TRUNCATE
public,table_scarcity_metrics,service_role,UPDATE
public,user_profiles,anon,DELETE
public,user_profiles,anon,INSERT
public,user_profiles,anon,REFERENCES
public,user_profiles,anon,SELECT
public,user_profiles,anon,TRIGGER
public,user_profiles,anon,TRUNCATE
public,user_profiles,anon,UPDATE
public,user_profiles,authenticated,DELETE
public,user_profiles,authenticated,INSERT
public,user_profiles,authenticated,REFERENCES
public,user_profiles,authenticated,SELECT
public,user_profiles,authenticated,TRIGGER
public,user_profiles,authenticated,TRUNCATE
public,user_profiles,authenticated,UPDATE
public,user_profiles,postgres,DELETE
public,user_profiles,postgres,INSERT
public,user_profiles,postgres,REFERENCES
public,user_profiles,postgres,SELECT
public,user_profiles,postgres,TRIGGER
public,user_profiles,postgres,TRUNCATE
public,user_profiles,postgres,UPDATE
public,user_profiles,service_role,DELETE
public,user_profiles,service_role,INSERT
public,user_profiles,service_role,REFERENCES
public,user_profiles,service_role,SELECT
public,user_profiles,service_role,TRIGGER
public,user_profiles,service_role,TRUNCATE
public,user_profiles,service_role,UPDATE
public,waiting_list,anon,DELETE
public,waiting_list,anon,INSERT
public,waiting_list,anon,REFERENCES
public,waiting_list,anon,SELECT
public,waiting_list,anon,TRIGGER
public,waiting_list,anon,TRUNCATE
public,waiting_list,anon,UPDATE
public,waiting_list,authenticated,DELETE
public,waiting_list,authenticated,INSERT
public,waiting_list,authenticated,REFERENCES
public,waiting_list,authenticated,SELECT
public,waiting_list,authenticated,TRIGGER
public,waiting_list,authenticated,TRUNCATE
public,waiting_list,authenticated,UPDATE
public,waiting_list,postgres,DELETE
public,waiting_list,postgres,INSERT
public,waiting_list,postgres,REFERENCES
public,waiting_list,postgres,SELECT
public,waiting_list,postgres,TRIGGER
public,waiting_list,postgres,TRUNCATE
public,waiting_list,postgres,UPDATE
public,waiting_list,service_role,DELETE
public,waiting_list,service_role,INSERT
public,waiting_list,service_role,REFERENCES
public,waiting_list,service_role,SELECT
public,waiting_list,service_role,TRIGGER
public,waiting_list,service_role,TRUNCATE
public,waiting_list,service_role,UPDATE
public,zones,anon,DELETE
public,zones,anon,INSERT
public,zones,anon,REFERENCES
public,zones,anon,SELECT
public,zones,anon,TRIGGER
public,zones,anon,TRUNCATE
public,zones,anon,UPDATE
public,zones,authenticated,DELETE
public,zones,authenticated,INSERT
public,zones,authenticated,REFERENCES
public,zones,authenticated,SELECT
public,zones,authenticated,TRIGGER
public,zones,authenticated,TRUNCATE
public,zones,authenticated,UPDATE
public,zones,postgres,DELETE
public,zones,postgres,INSERT
public,zones,postgres,REFERENCES
public,zones,postgres,SELECT
public,zones,postgres,TRIGGER
public,zones,postgres,TRUNCATE
public,zones,postgres,UPDATE
public,zones,service_role,DELETE
public,zones,service_role,INSERT
public,zones,service_role,REFERENCES
public,zones,service_role,SELECT
public,zones,service_role,TRIGGER
public,zones,service_role,TRUNCATE
public,zones,service_role,UPDATE
