index_bytes,index_scans,index_size,indexname,schemaname,tablename,tuples_fetched,tuples_read
16384,48569,16 kB,"restaurants_pkey",public,"restaurants",48569,48569
90112,31035,88 kB,"table_inventory_pkey",public,"table_inventory",30223,31035
589824,29000,576 kB,"customers_pkey",public,"customers",16500,16500
16384,17190,16 kB,"booking_occasions_pkey",public,"booking_occasions",17190,17190
1155072,16500,1128 kB,"bookings_reference_key",public,"bookings",0,0
1843200,12500,1800 kB,"customers_restaurant_id_email_normalized_key",public,"customers",0,0
2244608,12500,2192 kB,"customers_restaurant_email_phone_key",public,"customers",0,0
1032192,12500,1008 kB,"customers_restaurant_id_phone_normalized_key",public,"customers",0,0
434176,9590,424 kB,"booking_table_assignments_booking_table_key",public,"booking_table_assignments",98,1182
622592,7065,608 kB,"bookings_pkey",public,"bookings",6865,7065
303104,6665,296 kB,"booking_table_assignments_pkey",public,"booking_table_assignments",0,0
376832,6180,368 kB,"table_adjacencies_pkey",public,"table_adjacencies",672,3280
16384,1597,16 kB,allowed_capacities_pkey,public,allowed_capacities,1392,1685
1048576,1200,1024 kB,"idx_bookings_datetime",public,"bookings",120000,120000
16384,861,16 kB,"zones_pkey",public,"zones",861,861
335872,475,328 kB,"idx_bta_booking_start",public,"booking_table_assignments",22,422
155648,400,152 kB,"idx_booking_table_assignments_table",public,"booking_table_assignments",0,400
40960,212,40 kB,"idx_table_inventory_allowed_capacity",public,"table_inventory",1924,5544
1056768,195,1032 kB,"idx_bookings_restaurant_date_start",public,"bookings",2925,2925
16384,121,16 kB,"restaurant_memberships_pkey",public,"restaurant_memberships",30,30
8192,105,8192 bytes,"restaurant_turn_bands_unique_idx",public,"restaurant_turn_bands",0,0
8192,105,8192 bytes,"idx_restaurant_capacity_rules_restaurant_id",public,"restaurant_capacity_rules",0,0
16384,96,16 kB,"idx_restaurant_service_periods_restaurant_id",public,"restaurant_service_periods",204,1149
16384,87,16 kB,"idx_restaurant_operating_hours_restaurant_id",public,"restaurant_operating_hours",56,610
16384,72,16 kB,"idx_memberships_user",public,"restaurant_memberships",15,193
16384,56,16 kB,"restaurants_slug_key",public,"restaurants",6,6
122880,50,120 kB,"idx_customers_restaurant",public,"customers",0,0
98304,37,96 kB,"table_inventory_restaurant_id_table_number_key",public,"table_inventory",962,962
204800,35,200 kB,"idx_bookings_restaurant",public,"bookings",1650,1650
196608,22,192 kB,"idx_bookings_status",public,"bookings",0,0
16384,20,16 kB,"user_profiles_pkey",public,"user_profiles",7,7
16384,20,16 kB,"profiles_pkey",public,"profiles",7,7
16384,17,16 kB,"idx_zones_restaurant_id",public,"zones",16,68
8192,15,8192 bytes,"email_delivery_log_restaurant_occurred_at_id_idx",public,"email_delivery_log",0,0
98304,7,96 kB,"idx_customers_user_profile_id",public,"customers",1280,12500
8192,6,8192 bytes,"profile_update_requests_profile_key_idx",public,"profile_update_requests",0,0
65536,1,64 kB,"idx_booking_table_assignments_assigned_by",public,"booking_table_assignments",679,6665
131072,1,128 kB,"idx_bookings_booking_type",public,"bookings",1651,16500
8192,0,8192 bytes,"allocations_archive_pkey",public,"allocations_archive",0,0
8192,0,8192 bytes,"allocations_archive_booking_idx",public,"allocations_archive",0,0
8192,0,8192 bytes,"allocations_archive_restaurant_idx",public,"allocations_archive",0,0
8192,0,8192 bytes,"_migrations_name_key",public,"_migrations",0,0
8192,0,8192 bytes,"_migrations_pkey",public,"_migrations",0,0
8192,0,8192 bytes,"booking_occasions_audit_pkey",public,"booking_occasions_audit",0,0
8192,0,8192 bytes,"booking_occasions_audit_key_idx",public,"booking_occasions_audit",0,0
8192,0,8192 bytes,capacity_outbox_pkey,public,capacity_outbox,0,0
8192,0,8192 bytes,"capacity_outbox_booking_idx",public,capacity_outbox,0,0
8192,0,8192 bytes,capacity_outbox_dedupe,public,capacity_outbox,0,0
8192,0,8192 bytes,capacity_outbox_dispatch_idx,public,capacity_outbox,0,0
8192,0,8192 bytes,"capacity_outbox_restaurant_idx",public,capacity_outbox,0,0
8192,0,8192 bytes,"restaurant_turn_bands_pkey",public,"restaurant_turn_bands",0,0
8192,0,8192 bytes,"idx_restaurant_turn_bands_booking_option",public,"restaurant_turn_bands",0,0
8192,0,8192 bytes,leads_pkey,public,leads,0,0
8192,0,8192 bytes,"observability_events_pkey",public,"observability_events",0,0
8192,0,8192 bytes,"observability_events_created_at_idx",public,"observability_events",0,0
40960,0,40 kB,"idx_table_inventory_lookup",public,"table_inventory",0,0
49152,0,48 kB,"idx_table_inventory_section",public,"table_inventory",0,0
40960,0,40 kB,"table_inventory_zone_idx",public,"table_inventory",0,0
40960,0,40 kB,"zones_restaurant_name_idx",public,"zones",0,0
40960,0,40 kB,"restaurant_operating_hours_pkey",public,"restaurant_operating_hours",0,0
40960,0,40 kB,"idx_restaurant_operating_hours_scope",public,"restaurant_operating_hours",0,0
49152,0,48 kB,"restaurant_service_periods_pkey",public,"restaurant_service_periods",0,0
49152,0,48 kB,"idx_restaurant_service_periods_scope",public,"restaurant_service_periods",0,0
16384,0,16 kB,"idx_restaurant_service_periods_booking_option",public,"restaurant_service_periods",0,0
16384,0,16 kB,"booking_occasions_active_idx",public,"booking_occasions",0,0
16384,0,16 kB,"booking_occasions_display_order_idx",public,"booking_occasions",0,0
8192,0,8192 bytes,"service_policy_pkey",public,"service_policy",0,0
8192,0,8192 bytes,"merge_rules_pkey",public,"merge_rules",0,0
8192,0,8192 bytes,"merge_rules_from_to_idx",public,"merge_rules",0,0
8192,0,8192 bytes,"strategic_configs_pkey",public,"strategic_configs",0,0
8192,0,8192 bytes,"strategic_configs_restaurant_id_key",public,"strategic_configs",0,0
8192,0,8192 bytes,"idx_strategic_configs_updated_by",public,"strategic_configs",0,0
16384,0,16 kB,"idx_restaurants_active",public,"restaurants",0,0
155648,0,152 kB,"booking_table_assignments_table_id_slot_id_key",public,"booking_table_assignments",0,0
65536,0,64 kB,"booking_table_assignments_merge_group_idx",public,"booking_table_assignments",0,0
139264,0,136 kB,bta_table_id_idx,public,"booking_table_assignments",0,0
352256,0,344 kB,"bta_window_gist",public,"booking_table_assignments",0,0
65536,0,64 kB,"idx_booking_table_assignments_slot",public,"booking_table_assignments",0,0
335872,0,328 kB,"idx_bta_booking_end",public,"booking_table_assignments",0,0
65536,0,64 kB,"idx_booking_table_assignments_allocation_id",public,"booking_table_assignments",0,0
8192,0,8192 bytes,"allocations_booking_resource_key",public,"allocations",0,0
8192,0,8192 bytes,"allocations_pkey",public,"allocations",0,0
8192,0,8192 bytes,"idx_allocations_restaurant",public,"allocations",0,0
8192,0,8192 bytes,"idx_allocations_window_gist",public,"allocations",0,0
8192,0,8192 bytes,"idx_allocations_created_by",public,"allocations",0,0
8192,0,8192 bytes,"analytics_events_pkey",public,"analytics_events",0,0
8192,0,8192 bytes,"idx_analytics_events_booking_id",public,"analytics_events",0,0
8192,0,8192 bytes,"idx_analytics_events_customer_id",public,"analytics_events",0,0
8192,0,8192 bytes,"idx_analytics_events_event_type",public,"analytics_events",0,0
8192,0,8192 bytes,"idx_analytics_events_occurred_at",public,"analytics_events",0,0
8192,0,8192 bytes,"idx_analytics_events_restaurant_id",public,"analytics_events",0,0
8192,0,8192 bytes,"idx_analytics_events_restaurant_occurred",public,"analytics_events",0,0
8192,0,8192 bytes,"booking_slots_pkey",public,"booking_slots",0,0
8192,0,8192 bytes,"booking_slots_restaurant_slot_key",public,"booking_slots",0,0
8192,0,8192 bytes,"idx_booking_slots_date_range",public,"booking_slots",0,0
8192,0,8192 bytes,"idx_booking_slots_service_period",public,"booking_slots",0,0
122880,0,120 kB,"bookings_confirmation_token_unique",public,"bookings",0,0
507904,0,496 kB,"bookings_restaurant_date_status_idx",public,"bookings",0,0
8192,0,8192 bytes,"idx_bookings_auth_user",public,"bookings",0,0
8192,0,8192 bytes,"idx_bookings_auto_assign_idempotency_key",public,"bookings",0,0
1236992,0,1208 kB,"idx_bookings_client_request_id",public,"bookings",0,0
8192,0,8192 bytes,"idx_bookings_confirmation_token",public,"bookings",0,0
204800,0,200 kB,"idx_bookings_created",public,"bookings",0,0
565248,0,552 kB,"idx_bookings_customer",public,"bookings",0,0
237568,0,232 kB,"idx_bookings_date",public,"bookings",0,0
8192,0,8192 bytes,"idx_bookings_idempotency_key",public,"bookings",0,0
8192,0,8192 bytes,"idx_bookings_pending_ref",public,"bookings",0,0
1056768,0,1032 kB,"idx_bookings_restaurant_date_end",public,"bookings",0,0
122880,0,120 kB,"idx_bookings_assigned_zone_id",public,"bookings",0,0
8192,0,8192 bytes,"customers_restaurant_id_user_profile_id_unique",public,"customers",0,0
8192,0,8192 bytes,"idx_customers_auth_user",public,"customers",0,0
8192,0,8192 bytes,"manual_assignment_sessions_booking_id_key",public,"manual_assignment_sessions",0,0
8192,0,8192 bytes,"manual_assignment_sessions_pkey",public,"manual_assignment_sessions",0,0
8192,0,8192 bytes,mas_active_state_idx,public,"manual_assignment_sessions",0,0
8192,0,8192 bytes,"mas_booking_state_idx",public,"manual_assignment_sessions",0,0
8192,0,8192 bytes,"mas_restaurant_state_idx",public,"manual_assignment_sessions",0,0
8192,0,8192 bytes,"idx_manual_assignment_sessions_created_by",public,"manual_assignment_sessions",0,0
8192,0,8192 bytes,"idx_manual_assignment_sessions_hold_id",public,"manual_assignment_sessions",0,0
8192,0,8192 bytes,"restaurant_invites_pkey",public,"restaurant_invites",0,0
8192,0,8192 bytes,"restaurant_invites_pending_unique_email",public,"restaurant_invites",0,0
8192,0,8192 bytes,"restaurant_invites_restaurant_status_idx",public,"restaurant_invites",0,0
8192,0,8192 bytes,"restaurant_invites_token_hash_key",public,"restaurant_invites",0,0
8192,0,8192 bytes,"idx_restaurant_invites_invited_by",public,"restaurant_invites",0,0
16384,0,16 kB,"idx_memberships_restaurant",public,"restaurant_memberships",0,0
8192,0,8192 bytes,"table_hold_members_hold_id_table_id_key",public,"table_hold_members",0,0
8192,0,8192 bytes,"table_hold_members_pkey",public,"table_hold_members",0,0
8192,0,8192 bytes,"idx_table_hold_members_table",public,"table_hold_members",0,0
8192,0,8192 bytes,table_holds_pkey,public,table_holds,0,0
8192,0,8192 bytes,"idx_table_holds_restaurant_end",public,table_holds,0,0
8192,0,8192 bytes,"idx_table_holds_restaurant_expires",public,table_holds,0,0
8192,0,8192 bytes,"idx_table_holds_restaurant_start",public,table_holds,0,0
8192,0,8192 bytes,"table_holds_active_booking_idx",public,table_holds,0,0
8192,0,8192 bytes,"table_holds_active_restaurant_idx",public,table_holds,0,0
8192,0,8192 bytes,"table_holds_booking_idx",public,table_holds,0,0
8192,0,8192 bytes,"table_holds_expires_at_idx",public,table_holds,0,0
8192,0,8192 bytes,"table_holds_restaurant_idx",public,table_holds,0,0
8192,0,8192 bytes,"table_holds_session_idx",public,table_holds,0,0
8192,0,8192 bytes,table_holds_status_idx,public,table_holds,0,0
8192,0,8192 bytes,"table_holds_zone_start_idx",public,table_holds,0,0
8192,0,8192 bytes,"idx_table_holds_created_by",public,table_holds,0,0
8192,0,8192 bytes,"table_scarcity_metrics_pkey",public,"table_scarcity_metrics",0,0
8192,0,8192 bytes,"unique_restaurant_table_type",public,"table_scarcity_metrics",0,0
8192,0,8192 bytes,"idx_table_scarcity_metrics_computed_at",public,"table_scarcity_metrics",0,0
8192,0,8192 bytes,"waiting_list_pkey",public,"waiting_list",0,0
8192,0,8192 bytes,"idx_waiting_list_restaurant_date",public,"waiting_list",0,0
8192,0,8192 bytes,"waiting_list_customer_unique_idx",public,"waiting_list",0,0
8192,0,8192 bytes,"waiting_list_restaurant_date_time_idx",public,"waiting_list",0,0
8192,0,8192 bytes,"booking_assignment_attempts_pkey",public,"booking_assignment_attempts",0,0
8192,0,8192 bytes,"booking_assignment_attempts_booking_attempt_idx",public,"booking_assignment_attempts",0,0
8192,0,8192 bytes,"booking_assignment_attempts_booking_created_idx",public,"booking_assignment_attempts",0,0
8192,0,8192 bytes,"booking_state_history_pkey",public,"booking_state_history",0,0
8192,0,8192 bytes,"idx_booking_state_history_booking",public,"booking_state_history",0,0
8192,0,8192 bytes,"idx_booking_state_history_changed_at",public,"booking_state_history",0,0
8192,0,8192 bytes,"idx_booking_state_history_changed_by",public,"booking_state_history",0,0
8192,0,8192 bytes,"customer_profiles_pkey",public,"customer_profiles",0,0
8192,0,8192 bytes,"idx_customer_profiles_updated_at",public,"customer_profiles",0,0
8192,0,8192 bytes,"booking_assignment_idempotency_pkey",public,"booking_assignment_idempotency",0,0
8192,0,8192 bytes,"booking_assignment_idempotency_booking_hash_key",public,"booking_assignment_idempotency",0,0
8192,0,8192 bytes,"booking_assignment_idempotency_created_idx",public,"booking_assignment_idempotency",0,0
319488,0,312 kB,audit_logs_pkey,public,audit_logs,0,0
8192,0,8192 bytes,"idx_booking_assignment_idempotency_merge_group_allocation_id",public,"booking_assignment_idempotency",0,0
65536,0,64 kB,"idx_audit_logs_action",public,audit_logs,0,0
98304,0,96 kB,"idx_audit_logs_created_at",public,audit_logs,0,0
786432,0,768 kB,"idx_audit_logs_entity",public,audit_logs,0,0
8192,0,8192 bytes,"booking_confirmation_results_hold_id_key",public,"booking_confirmation_results",0,0
8192,0,8192 bytes,"booking_confirmation_results_pkey",public,"booking_confirmation_results",0,0
8192,0,8192 bytes,"booking_confirmation_results_created_idx",public,"booking_confirmation_results",0,0
8192,0,8192 bytes,"idx_booking_confirmation_results_restaurant_id",public,"booking_confirmation_results",0,0
8192,0,8192 bytes,"booking_versions_pkey",public,"booking_versions",0,0
8192,0,8192 bytes,"idx_booking_versions_booking_id",public,"booking_versions",0,0
8192,0,8192 bytes,"idx_booking_versions_changed_at",public,"booking_versions",0,0
8192,0,8192 bytes,"idx_booking_versions_restaurant_id",public,"booking_versions",0,0
8192,0,8192 bytes,"feature_flag_overrides_pkey",public,"feature_flag_overrides",0,0
8192,0,8192 bytes,"feature_flag_overrides_unique_flag_env",public,"feature_flag_overrides",0,0
8192,0,8192 bytes,"demand_profiles_pkey",public,"demand_profiles",0,0
8192,0,8192 bytes,"idx_demand_profiles_restaurant_day_window",public,"demand_profiles",0,0
8192,0,8192 bytes,"idx_demand_profiles_updated_at",public,"demand_profiles",0,0
8192,0,8192 bytes,"email_delivery_log_message_recipient_status_key",public,"email_delivery_log",0,0
8192,0,8192 bytes,"email_delivery_log_pkey",public,"email_delivery_log",0,0
8192,0,8192 bytes,"email_delivery_log_booking_id_idx",public,"email_delivery_log",0,0
8192,0,8192 bytes,"email_delivery_log_message_id_idx",public,"email_delivery_log",0,0
8192,0,8192 bytes,"email_delivery_log_occurred_at_idx",public,"email_delivery_log",0,0
8192,0,8192 bytes,"email_delivery_log_restaurant_id_idx",public,"email_delivery_log",0,0
8192,0,8192 bytes,"restaurant_capacity_rules_pkey",public,"restaurant_capacity_rules",0,0
8192,0,8192 bytes,"idx_restaurant_capacity_rules_scope",public,"restaurant_capacity_rules",0,0
8192,0,8192 bytes,"idx_restaurant_capacity_rules_service_period_id",public,"restaurant_capacity_rules",0,0
16384,0,16 kB,"idx_profiles_email",public,"profiles",0,0
16384,0,16 kB,"idx_profiles_has_access",public,"profiles",0,0
8192,0,8192 bytes,"profile_update_requests_pkey",public,"profile_update_requests",0,0
106496,0,104 kB,"table_adjacencies_table_b_idx",public,"table_adjacencies",0,0
8192,0,8192 bytes,"idx_table_merge_graph_restaurant_id",public,"table_merge_graph",0,0
8192,0,8192 bytes,"idx_table_merge_graph_table_a",public,"table_merge_graph",0,0
8192,0,8192 bytes,"idx_table_merge_graph_table_b",public,"table_merge_graph",0,0
16384,0,16 kB,"idx_user_profiles_phone",public,"user_profiles",0,0
8192,0,8192 bytes,"table_hold_windows_pkey",public,"table_hold_windows",0,0
8192,0,8192 bytes,"table_hold_windows_restaurant_idx",public,"table_hold_windows",0,0
8192,0,8192 bytes,"table_hold_windows_table_idx",public,"table_hold_windows",0,0
8192,0,8192 bytes,"thw_window_gist",public,"table_hold_windows",0,0
